seed,alpha,method,status,converged,bt_deviance_per_edge,rho_star,rho_star_gap,min_surplus,avg_surplus,normalized_min_surplus,nash_welfare,nash_welfare_defined,exploitability,kl_from_reference,raw_multiplier_l1,target_log_ratio_l2,fixed_point_residual,extra_map_residual,inverse_surplus_residual,projected_kkt_residual,target_identity_residual,outer_iterations_used,expected_non_convergent,tv_to_exact_proximal,tv_to_exact_global,wall_clock_seconds,peak_rss_mb,box_bound_active,non_converged_reasons
0,0.0,reference,ok,True,9.754789494540754e-05,0.03409312028483729,1.7792711748398915e-13,0.0,0.0,0.0,undefined,False,0.03688426355022861,0.0,NA,0.0,NA,NA,NA,NA,NA,NA,NA,0.6607337853772931,0.7949999999960243,0.0,471.359375,False,
0,0.0,exact_global_nash,ok,True,9.754789494540754e-05,0.03409312028483729,1.7792711748398915e-13,0.032957939060277455,0.03498547960525246,0.9667035104127826,-13.415162793351616,True,0.07271559982461234,1.592651440065822,NA,328.27384763014567,NA,NA,NA,NA,NA,NA,NA,0.16764867734769018,0.0,0.961899995803833,471.359375,False,
0,0.0,exact_proximal_nash,ok,True,9.754789494540754e-05,0.03409312028483729,1.7792711748398915e-13,0.03156593679384432,0.03309997476087985,0.9258740921957525,-13.636877509719481,True,0.07074569171370965,1.1509755684047025,NA,60.574656958589,NA,NA,NA,NA,NA,NA,NA,0.0,0.16764867734769018,3.0378589630126953,471.359375,False,
0,0.0,nbpo_direct,ok,True,9.754789494540754e-05,0.03409312028483729,1.7792711748398915e-13,0.03156593694672895,0.03309997480899249,0.9258740966800774,-13.63687750374011,True,0.07074569177246419,1.1509755743840642,121.08428155995792,60.5746578400943,1.478039912683471e-10,1.1752820938681907e-12,1.1032841307212493e-15,0.0,1.3322676295501878e-15,33,False,3.601087652152553e-08,0.16764866698448408,2.952970027923584,471.9453125,False,
0,0.0,nbpo_rstep_legacy,ok,False,9.754789494540754e-05,0.03409312028483729,1.7792711748398915e-13,0.030665032653834263,0.03214617994083076,0.8994492847130907,-13.753809287373508,True,0.06975231410159291,1.0463419689469575,100.57474454030441,48.49320730396513,2.0754996610250487e-09,1.2925771564198385e-11,0.008271334457120971,0.00827133445712036,8.881784197001252e-16,1500,True,0.036479338566175704,0.20349280832998576,3.5346455574035645,471.9453125,False,projected_kkt 8.27e-03 >= 1e-06; inverse_surplus 8.27e-03 >= 1e-06 with no active box bound
0,0.0,fixed_reference_nash,ok,True,9.754789494540754e-05,0.03409312028483729,1.7792711748398915e-13,0.0315658977774886,0.03310755629460261,0.9258729477902127,-13.636006283903026,True,0.07076096745903543,1.1518748247913844,120.96000312297706,60.59526158363596,0.0,0.0,6.938893903907228e-18,0.0,1.3322676295501878e-15,34,False,0.0017207791661832746,0.1671785376860019,0.022698640823364258,471.9453125,False,
0,0.0,bt_rm_nash,ok,True,9.754789494540754e-05,0.03409312028483729,1.7792711748398915e-13,0.03156139071052672,0.03310643625243702,0.9257407490672968,-13.636144215798392,True,0.07075915352427885,1.1517370994632405,30.059075428088224,60.61581405605939,0.0,0.0,2.7755575615628914e-17,0.0,1.7763568394002505e-15,54,False,0.0017322839650829366,0.167196980917491,0.033136844635009766,471.9453125,False,
0,0.0,game_utilitarian,ok,True,9.754789494540754e-05,0.03409312028483729,1.7792711748398915e-13,0.03152655820345003,0.03311934444298404,0.9247190617947422,-13.634930759101154,True,0.07077386823581236,1.153126562138094,121.08428155995792,60.70880044371781,1.05780870451877e-08,2.7410559932938838e-11,NA,NA,1.3322676295501878e-15,NA,False,0.005159618361044126,0.16702613818597928,0.16242408752441406,471.9453125,False,
0,0.0,game_ks,ok,True,9.754789494540754e-05,0.03409312028483729,1.7792711748398915e-13,0.03166072491359358,0.03313058922872365,0.9286543633753139,-13.63408601998782,True,0.07082715634190637,1.1567314744951716,121.08428155995793,60.922412877978054,2.0753612384183384e-08,1.6319889883931182e-10,NA,NA,1.3322676295501878e-15,NA,False,0.018925179326505448,0.1657872269138691,65.31685137748718,471.9453125,False,
0,0.0,bt_rm_utilitarian,ok,True,9.754789494540754e-05,0.03409312028483729,1.7792711748398915e-13,0.03152119693779114,0.03312540540328537,0.9245618082018149,-13.634252127859684,True,0.07078697341916462,1.1538888160698364,30.059075428088224,60.75341317419829,0.7979661460646195,0.0,NA,NA,1.7763568394002505e-15,NA,False,0.006116858386617773,0.16661512361491107,0.0009860992431640625,471.9453125,False,
0,0.25,reference,ok,True,0.009619744003003045,0.0336657247115138,3.5946966597810714e-08,0.0,0.0,0.0,undefined,False,0.03688426355022863,0.0,NA,0.0,NA,NA,NA,NA,NA,NA,NA,0.658024230444411,0.7677929456782046,0.0,473.4453125,False,
0,0.25,exact_global_nash,ok,True,0.009619744003003045,0.0336657247115138,3.5946966597810714e-08,0.03270005979613591,0.03461158161242412,0.9713160811581273,-13.458192025391053,True,0.07455410965182971,1.5126285312865742,NA,322.0211950790374,NA,NA,NA,NA,NA,NA,NA,0.1306068019784262,0.0,0.9188261032104492,473.4453125,False,
0,0.25,exact_proximal_nash,ok,True,0.009619744003003045,0.0336657247115138,3.5946966597810714e-08,0.031407661962187396,0.03292688155601187,0.932926952600128,-13.657757773884901,True,0.07149557617543081,1.1450346588312867,NA,60.596729777775096,NA,NA,NA,NA,NA,NA,NA,0.0,0.1306068019784262,3.178431510925293,473.4453125,False,
0,0.25,nbpo_direct,ok,True,0.009619744003003045,0.0336657247115138,3.5946966597810714e-08,0.031407661970009985,0.03292688154475809,0.9329269528324887,-13.657757775400073,True,0.07149557636830761,1.1450346573161085,121.71537068748736,60.5967317909454,1.5250010476641762e-08,1.3156445710649223e-08,1.1037476488340303e-11,1.1034728686354356e-11,1.7763568394002505e-15,50,False,2.1208206878356034e-08,0.13060680087483792,6.515290975570679,473.4453125,False,
0,0.25,nbpo_rstep_legacy,ok,False,0.009619744003003045,0.0336657247115138,3.5946966597810714e-08,0.030525847929552947,0.031994846282814786,0.9067337237244442,-13.7726070644832,True,0.07044704663703663,1.042443692504642,100.780026481098,48.28431505568319,7.921621307138693e-06,5.166712062631973e-06,0.008336052443636933,0.008336052443638664,8.881784197001252e-16,1500,True,0.03464975351689572,0.16497623954699567,3.517767906188965,473.4453125,False,projected_kkt 8.34e-03 >= 1e-06; inverse_surplus 8.34e-03 >= 1e-06 with no active box bound
0,0.25,fixed_reference_nash,ok,True,0.009619744003003045,0.0336657247115138,3.5946966597810714e-08,0.031419260581754274,0.032925197534532866,0.933271475691975,-13.658342090536312,True,0.07312262009168932,1.1518748247913846,120.96000312297707,60.59526158363597,0.0,0.0,6.938893903907228e-18,0.0,1.7763568394002505e-15,38,False,0.022517354436989913,0.131502465769143,0.024341106414794922,473.4453125,False,
0,0.25,bt_rm_nash,ok,True,0.009619744003003045,0.0336657247115138,3.5946966597810714e-08,0.03141450821989804,0.03292395596876084,0.9331303124793319,-13.658495694518631,True,0.07312619394449962,1.1517370994632405,30.05907542808824,60.61581405605942,3.3306690738754696e-16,0.0,2.498001805406602e-16,0.0,1.7763568394002505e-15,32,False,0.022507172637748738,0.1315802483088284,0.02017688751220703,473.4453125,False,
0,0.25,game_utilitarian,ok,True,0.009619744003003045,0.0336657247115138,3.5946966597810714e-08,0.03137508330920566,0.03294259390247212,0.9319592427628706,-13.656165740482203,True,0.07155500944534787,1.1467898970829922,121.71537068748736,60.72195403710874,1.0777758796542969e-08,3.174447260612112e-09,NA,NA,1.3322676295501878e-15,NA,False,0.004243063715575835,0.13064951141270947,0.13721370697021484,473.4453125,False,
0,0.25,game_ks,ok,True,0.009619744003003045,0.0336657247115138,3.5946966597810714e-08,0.0314928497680638,0.03294163662295059,0.9354573542655131,-13.656682494995568,True,0.0717063961555239,1.1484356598942385,121.71537068748736,60.85235877078147,2.783583069598805e-08,1.8944232849094078e-08,NA,NA,1.7763568394002505e-15,NA,False,0.01528873483721318,0.13053856898884036,64.94305753707886,473.4453125,False,
0,0.25,bt_rm_utilitarian,ok,True,0.009619744003003045,0.0336657247115138,3.5946966597810714e-08,0.0313739362559706,0.03293900981893904,0.9319251709214089,-13.657074476970669,True,0.07320304709367713,1.1538888160698364,30.05907542808824,60.75341317419832,0.7979661460646195,0.0,NA,NA,1.3322676295501878e-15,NA,False,0.024649376551618942,0.1320839412800975,0.0009882450103759766,473.4453125,False,
0,0.5,reference,ok,True,0.03885761347401606,0.033307245474710964,8.528205967806013e-09,0.0,0.0,0.0,undefined,False,0.03688426355022861,0.0,NA,0.0,NA,NA,NA,NA,NA,NA,NA,0.6594331683289886,0.7533328935517238,0.0,473.4453125,False,
0,0.5,exact_global_nash,ok,True,0.03885761347401606,0.033307245474710964,8.528205967806013e-09,0.03254593893729171,0.03433813424952262,0.977142915105445,-13.489457139857208,True,0.0740512918472262,1.463102963727539,NA,316.7625185462573,NA,NA,NA,NA,NA,NA,NA,0.0997607501320335,0.0,1.3354158401489258,473.4453125,False,
0,0.5,exact_proximal_nash,ok,True,0.03885761347401606,0.033307245474710964,8.528205967806013e-09,0.03127589573381577,0.03281101675140801,0.939011776208347,-13.671580921068706,True,0.07133650228204379,1.147555217443523,NA,60.51939545396367,NA,NA,NA,NA,NA,NA,NA,0.0,0.0997607501320335,3.2940402030944824,473.4453125,False,
0,0.5,nbpo_direct,ok,True,0.03885761347401606,0.033307245474710964,8.528205967806013e-09,0.03127589567329041,0.03281101676192517,0.9390117743911639,-13.67158091964721,True,0.07133650226329448,1.1475552188650113,122.12888879133433,60.5193978788236,5.656090359962285e-08,1.87861927902766e-07,5.67869223866424e-11,5.678657544194721e-11,1.7763568394002505e-15,44,False,2.571368065342886e-08,0.09976075061678798,6.062654256820679,473.4453125,False,
0,0.5,nbpo_rstep_legacy,ok,False,0.03885761347401606,0.033307245474710964,8.528205967806013e-09,0.02710138817935464,0.02954343609875386,0.8136784592388999,-14.094031268935593,True,0.08821282261677316,1.1813393199650077,103.4257576845192,54.03044451909398,0.9983590374085711,0.9983590375625132,0.010939790123146657,0.010939790123146054,2.6645352591003757e-15,1500,True,0.1264764182529902,0.21059581718350567,3.5158493518829346,473.4453125,False,projected_kkt 1.09e-02 >= 1e-06; inverse_surplus 1.09e-02 >= 1e-06 with no active box bound; inner_extra_map 9.98e-01 >= 1e-04
0,0.5,fixed_reference_nash,ok,True,0.03885761347401606,0.033307245474710964,8.528205967806013e-09,0.030924437648396873,0.03237562657179986,0.9284597752725222,-13.725923049906635,True,0.07848550496715612,1.1518748247913846,120.96000312297707,60.59526158363597,0.0,0.0,6.938893903907228e-18,0.0,1.7763568394002505e-15,30,False,0.045641050556507676,0.13424520235963483,0.019735097885131836,473.4453125,False,
0,0.5,bt_rm_nash,ok,True,0.03885761347401606,0.033307245474710964,8.528205967806013e-09,0.030919134216681608,0.03237383356152788,0.9283005477038753,-13.726148013648437,True,0.07849825908789466,1.1517370994632405,30.059075428088228,60.6158140560594,0.0,0.0,3.608224830031759e-16,0.0,1.7763568394002505e-15,32,False,0.04569539903434671,0.1343038070616285,0.020164966583251953,473.4453125,False,
0,0.5,game_utilitarian,ok,True,0.03885761347401606,0.033307245474710964,8.528205967806013e-09,0.031248189091604626,0.03282321988117361,0.9381799259062203,-13.670314975538242,True,0.07140106759920098,1.148934862023263,122.12888879133433,60.63760855162225,4.573821343889506e-08,1.4126386471691177e-07,NA,NA,1.7763568394002505e-15,NA,False,0.003001888724529478,0.09988935360156508,0.17995524406433105,473.4453125,False,
0,0.5,game_ks,ok,True,0.03885761347401606,0.033307245474710964,8.528205967806013e-09,0.0313066754424435,0.032820262822871635,0.9399358907122347,-13.670822257449936,True,0.07151053278029543,1.1491466452693955,122.12888879133433,60.66978289194751,2.254195441420137e-08,3.5060382930218736e-08,NA,NA,1.7763568394002505e-15,NA,False,0.007892845542199012,0.10067422227439937,56.00117349624634,473.4453125,False,
0,0.5,bt_rm_utilitarian,ok,True,0.03885761347401606,0.033307245474710964,8.528205967806013e-09,0.030872428219055545,0.032375569137638574,0.9268982703026556,-13.726346100312451,True,0.07863948897742512,1.1538888160698364,30.059075428088228,60.7534131741983,0.7979661460646195,0.0,NA,NA,1.7763568394002505e-15,NA,False,0.04772111702854108,0.13547182218661238,0.0009634494781494141,473.4453125,False,
0,0.75,reference,ok,True,0.08983261543553496,0.033030047337071974,1.2553922228153436e-08,0.0,0.0,0.0,undefined,False,0.03688426355022861,0.0,NA,0.0,NA,NA,NA,NA,NA,NA,NA,0.6623739946350057,0.7450851276119594,0.0,474.9453125,False,
0,0.75,exact_global_nash,ok,True,0.08983261543553496,0.033030047337071974,1.2553922228153436e-08,0.03238099709192439,0.03417330143385015,0.9803497028471072,-13.50868179040137,True,0.07416635906357258,1.4370938064613967,NA,313.5059159427247,NA,NA,NA,NA,NA,NA,NA,0.08524764447180984,0.0,0.6613743305206299,474.9453125,False,
0,0.75,exact_proximal_nash,ok,True,0.08983261543553496,0.033030047337071974,1.2553922228153436e-08,0.0312321723557886,0.032785903850332976,0.9455685012214472,-13.674460882594074,True,0.07079833476569178,1.154259892260892,NA,60.36418251570949,NA,NA,NA,NA,NA,NA,NA,0.0,0.08524764447180984,3.3429605960845947,474.9453125,False,
0,0.75,nbpo_direct,ok,True,0.08983261543553496,0.033030047337071974,1.2553922228153436e-08,0.031232172381306326,0.03278590380249295,0.9455685019940082,-13.674460888351541,True,0.07079833397058684,1.1542598865034281,122.21168787619216,60.364181801877336,1.3192526815419825e-07,8.371290013409194e-07,4.804884268239107e-11,4.8046899792097975e-11,1.3322676295501878e-15,47,False,1.5393524133608167e-08,0.08524764962903686,5.955402135848999,474.9453125,False,
0,0.75,nbpo_rstep_legacy,ok,False,0.08983261543553496,0.033030047337071974,1.2553922228153436e-08,0.019734142516390826,0.023666635375905458,0.5974603159058084,-14.998752797167217,True,0.11225710639487348,1.2961296984034862,113.49700218230046,77.91843596587545,0.9999998800777389,0.9999998800777389,0.014964394318353422,0.014964394318354834,1.7763568394002505e-15,1500,True,0.18936117273839778,0.23717965321249998,3.574519395828247,474.9453125,False,projected_kkt 1.50e-02 >= 1e-06; inverse_surplus 1.50e-02 >= 1e-06 with no active box bound; inner_extra_map 1.00e+00 >= 1e-04
0,0.75,fixed_reference_nash,ok,True,0.08983261543553496,0.033030047337071974,1.2553922228153436e-08,0.030107864733920502,0.03146330760373192,0.9115295665994491,-13.840459016663283,True,0.08443457796760079,1.1518748247913844,120.96000312297707,60.59526158363597,0.0,0.0,6.938893903907228e-18,0.0,1.7763568394002505e-15,38,False,0.060000440352151005,0.1302118699825517,0.02575826644897461,474.9453125,False,
0,0.75,bt_rm_nash,ok,True,0.08983261543553496,0.033030047337071974,1.2553922228153436e-08,0.03010178742253623,0.03146054150859556,0.9113455731790868,-13.840815682198533,True,0.08445074927032076,1.1517370994632403,30.059075428088228,60.61581405605939,0.0,0.0,1.942890293094024e-16,0.0,1.7763568394002505e-15,32,False,0.06009623682022295,0.1302664989105393,0.020273685455322266,474.9453125,False,
0,0.75,game_utilitarian,ok,True,0.08983261543553496,0.033030047337071974,1.2553922228153436e-08,0.031208153857605378,0.03279637627952239,0.9448413300509637,-13.673353129555997,True,0.07086524159563765,1.1554546388954159,122.21168787619216,60.480633635521926,2.9121522748809525e-08,2.4458732722498766e-07,NA,NA,1.3322676295501878e-15,NA,False,0.0022571083812252986,0.08512169525796623,0.20530438423156738,474.9453125,False,
0,0.75,game_ks,ok,True,0.08983261543553496,0.033030047337071974,1.2553922228153436e-08,0.031226291215948096,0.03280287858801103,0.9453904469855423,-13.672803151497668,True,0.07097104882905064,1.1567039007281683,122.21168787619214,60.592309990724964,3.409182022795498e-08,1.3144731259018272e-07,NA,NA,1.7763568394002505e-15,NA,False,0.006699482992616641,0.08548105478660174,58.76145958900452,474.9453125,False,
0,0.75,bt_rm_utilitarian,ok,True,0.08983261543553496,0.033030047337071974,1.2553922228153436e-08,0.03004419377317678,0.03143946811924246,0.9096018987370945,-13.84390432927102,True,0.0847319393360916,1.1538888160698364,30.059075428088228,60.75341317419829,0.7979661460646195,0.0,NA,NA,1.3322676295501878e-15,NA,False,0.06172337474118006,0.131269755449279,0.0009562969207763672,474.9453125,False,
0,1.0,reference,ok,True,0.167570713009559,0.032841317011136704,1.094951751628992e-07,0.0,0.0,0.0,undefined,False,0.03688426355022861,0.0,NA,0.0,NA,NA,NA,NA,NA,NA,NA,0.6657862361361151,0.7371965758980263,0.0,474.9453125,False,
0,1.0,exact_global_nash,ok,True,0.167570713009559,0.032841317011136704,1.094951751628992e-07,0.032274130457778286,0.034046895133566964,0.9827294820982337,-13.523464044748385,True,0.07392013917160184,1.4154386264363226,NA,309.21234311934535,NA,NA,NA,NA,NA,NA,NA,0.07347353632593714,0.0,0.619251012802124,474.9453125,False,
0,1.0,exact_proximal_nash,ok,True,0.167570713009559,0.032841317011136704,1.094951751628992e-07,0.0312181377832601,0.03278869117613556,0.9505750872498148,-13.673992272298499,True,0.07027093518524521,1.1607286523947082,NA,60.21161443572984,NA,NA,NA,NA,NA,NA,NA,0.0,0.07347353632593714,2.8709075450897217,474.9453125,False,
0,1.0,nbpo_direct,ok,True,0.167570713009559,0.032841317011136704,1.094951751628992e-07,0.031218137734050525,0.03278869123442224,0.9505750857514104,-13.673992265101019,True,0.07027093593490057,1.1607286595922037,122.19374254070713,60.21162451649635,1.1200721894422117e-07,1.4233510235439617e-06,1.9309559506908158e-10,1.9309709387016483e-10,1.7763568394002505e-15,83,False,1.9211690471412938e-08,0.07347353558054873,12.588988542556763,474.9453125,False,
0,1.0,nbpo_rstep_legacy,ok,False,0.167570713009559,0.032841317011136704,1.094951751628992e-07,-0.029907140571638593,-0.02081130560448735,-0.9106559448117408,undefined,False,0.21893293162922112,1.5577766825164017,185.03845075006953,188.91311595347602,1.0,1.0,0.050907623343979455,0.05090762334397425,7.105427357601002e-15,1500,True,0.510765486588901,0.5219229467325257,3.5310616493225098,474.9453125,False,projected_kkt 5.09e-02 >= 1e-06; inverse_surplus 5.09e-02 >= 1e-06 with no active box bound; inner_extra_map 1.00e+00 >= 1e-04
0,1.0,fixed_reference_nash,ok,True,0.167570713009559,0.032841317011136704,1.094951751628992e-07,0.028992568345397433,0.030194416522504024,0.8828077246587238,-14.005232435455952,True,0.09085154887754102,1.1518748247913846,120.96000312297706,60.59526158363597,0.0,0.0,6.938893903907228e-18,0.0,1.7763568394002505e-15,32,False,0.06931693370773831,0.12464650861146429,0.020893335342407227,474.9453125,False,
0,1.0,bt_rm_nash,ok,True,0.167570713009559,0.032841317011136704,1.094951751628992e-07,0.02898557270222091,0.030190264640243145,0.8825947111801794,-14.005790398900949,True,0.09087443791059766,1.1517370994632405,30.059075428088235,60.615814056059406,0.0,0.0,4.440892098500626e-16,0.0,1.7763568394002505e-15,32,False,0.06941521056898461,0.12468445243599077,0.020184040069580078,474.9453125,False,
0,1.0,game_utilitarian,ok,True,0.167570713009559,0.032841317011136704,1.094951751628992e-07,0.031196358855713875,0.03279770069481995,0.9499119309111442,-13.673033072006389,True,0.07033475188112907,1.161759398660551,122.19374254070713,60.32903051768954,2.6289531163126156e-08,3.1860346305645493e-07,NA,NA,1.7763568394002505e-15,NA,False,0.001795604715260703,0.07329063848870024,0.21212267875671387,474.9453125,False,
0,1.0,game_ks,ok,True,0.167570713009559,0.032841317011136704,1.094951751628992e-07,0.031204713039658945,0.032808402844462285,0.9501663112072278,-13.67202885332868,True,0.07049649798099933,1.1636572412174282,122.19374254070715,60.50940869284112,4.115129037529641e-08,4.132890900621078e-07,NA,NA,1.7763568394002505e-15,NA,False,0.006588574430793945,0.0734381392133074,72.08507084846497,474.9453125,False,
0,1.0,bt_rm_utilitarian,ok,True,0.167570713009559,0.032841317011136704,1.094951751628992e-07,0.02891318600441325,0.030136923351458143,0.8803905761333689,-14.013255212228064,True,0.09118272564745088,1.1538888160698366,30.059075428088235,60.753413174198315,0.7979661460646195,0.0,NA,NA,1.7763568394002505e-15,NA,False,0.07088143967989886,0.1254989312452836,0.0009520053863525391,474.9453125,False,
1,0.0,reference,ok,True,0.00010567767345954795,0.03726758747571047,1.8780810240315304e-13,0.0,0.0,0.0,undefined,False,0.03996225547658576,0.0,NA,0.0,NA,NA,NA,NA,NA,NA,NA,0.6515040618611123,0.7999999999959998,0.0,474.9453125,False,
1,0.0,exact_global_nash,ok,True,0.00010567767345954795,0.03726758747571047,1.8780810240315304e-13,0.0362767083504303,0.03773731966755521,0.9734117716654993,-13.110234962575813,True,0.07825331621734372,1.6094379123195697,NA,329.30650934218306,NA,NA,NA,NA,NA,NA,NA,0.18711017241591682,0.0,1.2389225959777832,474.9453125,False,
1,0.0,exact_proximal_nash,ok,True,0.00010567767345954795,0.03726758747571047,1.8780810240315304e-13,0.034477445639887375,0.03544605026594182,0.9251322120692251,-13.360037130101539,True,0.07582956058853982,1.124332251489114,NA,61.20282703025613,NA,NA,NA,NA,NA,NA,NA,0.0,0.18711017241591682,2.6893773078918457,474.9453125,False,
1,0.0,nbpo_direct,ok,True,0.00010567767345954795,0.03726758747571047,1.8780810240315304e-13,0.03447744580745339,0.035446050395951265,0.9251322165655187,-13.360037115326596,True,0.0758295606907434,1.1243322662640431,112.90752621139836,61.20282249179619,5.46451772720502e-13,4.440892098500626e-16,2.2898349882893854e-16,0.0,1.7763568394002505e-15,32,False,4.086988564564623e-08,0.1871101641780184,2.6154353618621826,474.9453125,False,
1,0.0,nbpo_rstep_legacy,ok,False,0.00010567767345954795,0.03726758747571047,1.8780810240315304e-13,0.03371352408502385,0.034601101009133974,0.9046339290676378,-13.456498315372356,True,0.0749541489534972,1.0363212714375176,96.75291841383498,50.987945178697714,1.0601971522916642e-09,5.971667604853792e-12,0.007144679678426087,0.007144679678425803,8.881784197001252e-16,1500,True,0.033626705860901586,0.22037902369011872,3.4964311122894287,474.9453125,False,projected_kkt 7.14e-03 >= 1e-06; inverse_surplus 7.14e-03 >= 1e-06 with no active box bound
1,0.0,fixed_reference_nash,ok,True,0.00010567767345954795,0.03726758747571047,1.8780810240315304e-13,0.034485717542523275,0.03545736799198429,0.9253541717719103,-13.358762377251004,True,0.07585284148409466,1.1256649397935639,112.74528587688349,61.20730424441931,0.0,0.0,6.938893903907228e-18,0.0,1.7763568394002505e-15,30,False,0.0028690585756332558,0.1864039078625133,0.019725322723388672,474.9453125,False,
1,0.0,bt_rm_nash,ok,True,0.00010567767345954795,0.03726758747571047,1.8780810240315304e-13,0.034487134812082904,0.03545840772777828,0.925392201321329,-13.358650248219094,True,0.07585274028167087,1.1257759582085392,27.999646163199667,61.223058372303335,3.3306690738754696e-16,0.0,2.7755575615628914e-17,0.0,1.7763568394002505e-15,30,False,0.002875648514800239,0.18619882844375793,0.01894354820251465,474.9453125,False,
1,0.0,game_utilitarian,ok,True,0.00010567767345954795,0.03726758747571047,1.8780810240315304e-13,0.03444683748322598,0.035453841713176545,0.9243109043663494,-13.3592444183265,True,0.07583547633191633,1.1251692519769418,112.90752621139836,61.2249813533531,1.67702844944273e-08,4.74159600472035e-11,NA,NA,1.7763568394002505e-15,NA,False,0.0023528324151867353,0.1865932695583054,0.2857820987701416,474.9453125,False,
1,0.0,game_ks,ok,True,0.00010567767345954795,0.03726758747571047,1.8780810240315304e-13,0.03416468125317343,0.0354316994837485,0.9167398151393784,-13.36185136534461,True,0.07583247922485928,1.1247851151106822,112.90752621139839,61.17774549142171,2.4889304728326067e-08,9.344214291218123e-11,NA,NA,1.3322676295501878e-15,NA,False,0.01990423065369784,0.18863471186810665,67.39296269416809,474.9453125,False,
1,0.0,bt_rm_utilitarian,ok,True,0.00010567767345954795,0.03726758747571047,1.8780810240315304e-13,0.03445678156113522,0.03546591475861826,0.9245777334954344,-13.357888208581103,True,0.07585837798114195,1.1265891439630906,27.999646163199667,61.24477188640183,0.7947476264858664,0.0,NA,NA,1.3322676295501878e-15,NA,False,0.0039214152189282975,0.1857114416707538,0.0009555816650390625,474.9453125,False,
1,0.25,reference,ok,True,0.010280481107437237,0.03660445322968628,2.1853954056128e-08,0.0,0.0,0.0,undefined,False,0.039962255476585766,0.0,NA,0.0,NA,NA,NA,NA,NA,NA,NA,0.6503828317569385,0.7587965877114874,0.0,474.9453125,False,
1,0.25,exact_global_nash,ok,True,0.010280481107437237,0.03660445322968628,2.1853954056128e-08,0.035634595258313174,0.03699414901564786,0.9735043721241395,-13.189218380861199,True,0.08408019150954532,1.477084811654907,NA,318.8532605788587,NA,NA,NA,NA,NA,NA,NA,0.1378331825724957,0.0,1.423076868057251,474.9453125,False,
1,0.25,exact_proximal_nash,ok,True,0.010280481107437237,0.03660445322968628,2.1853954056128e-08,0.034191318784933054,0.035213707613134096,0.934075386139188,-13.386310730670543,True,0.07682579241380007,1.1137777431422509,NA,61.196369248623085,NA,NA,NA,NA,NA,NA,NA,0.0,0.1378331825724957,3.1988937854766846,474.9453125,False,
1,0.25,nbpo_direct,ok,True,0.010280481107437237,0.03660445322968628,2.1853954056128e-08,0.034191318715831545,0.0352137075594596,0.9340753842513982,-13.386310736725475,True,0.07682579219073979,1.1137777370873096,113.65068990751358,61.196365801088945,9.090390939991977e-10,5.593687735228059e-10,2.843274227171122e-12,2.8421709430404007e-12,1.3322676295501878e-15,48,False,2.930173081909768e-08,0.13783318878344977,6.661174774169922,474.9453125,False,
1,0.25,nbpo_rstep_legacy,ok,False,0.010280481107437237,0.03660445322968628,2.1853954056128e-08,0.03347308949665367,0.03441466456560101,0.9144540224823501,-13.478078998731167,True,0.07599849742290388,1.0302270093247334,96.97857341384531,50.697477443490435,1.0708761330691097e-05,8.199101154793276e-06,0.007256888438065476,0.0072568884380643794,8.881784197001252e-16,1500,True,0.029350464376504577,0.16690521556322868,3.5082948207855225,474.9453125,False,projected_kkt 7.26e-03 >= 1e-06; inverse_surplus 7.26e-03 >= 1e-06 with no active box bound
1,0.25,fixed_reference_nash,ok,True,0.010280481107437237,0.03660445322968628,2.1853954056128e-08,0.034173933716820155,0.03522890604376272,0.9336004420660226,-13.384742590742734,True,0.07929667481431685,1.1256649397935639,112.74528587688347,61.207304244419305,0.0,0.0,1.3877787807814457e-17,0.0,1.7763568394002505e-15,30,False,0.0284158491631752,0.13386159401093317,0.01972031593322754,474.9453125,False,
1,0.25,bt_rm_nash,ok,True,0.010280481107437237,0.03660445322968628,2.1853954056128e-08,0.03417446228652882,0.03522905260388727,0.9336148821043792,-13.384731538415084,True,0.0793095936850008,1.1257759582085392,27.99964616319966,61.22305837230332,0.0,0.0,8.326672684688674e-17,0.0,1.7763568394002505e-15,29,False,0.028511692916752422,0.13376809255665484,0.018436431884765625,474.9453125,False,
1,0.25,game_utilitarian,ok,True,0.010280481107437237,0.03660445322968628,2.1853954056128e-08,0.0341622408645796,0.03522029275054353,0.9332810040958065,-13.385636199093373,True,0.07685335728609329,1.1144898308891211,113.65068990751358,61.21574272211996,2.4597974435103254e-08,9.298538050650507e-09,NA,NA,1.3322676295501878e-15,NA,False,0.002054732211690733,0.13781980142763164,0.1397995948791504,474.9453125,False,
1,0.25,game_ks,ok,True,0.010280481107437237,0.03660445322968628,2.1853954056128e-08,0.03385184811096903,0.03523822343396806,0.9248013595109548,-13.383870315493088,True,0.07695435045194263,1.1186030377795577,113.6506899075136,61.226384471945465,3.4460441500350214e-08,1.2712538910442106e-08,NA,NA,1.3322676295501878e-15,NA,False,0.018195919963900152,0.13909678109238527,52.62599992752075,474.9453125,False,
1,0.25,bt_rm_utilitarian,ok,True,0.010280481107437237,0.03660445322968628,2.1853954056128e-08,0.03414442201438054,0.03523508465983038,0.9327942094949625,-13.384137404635979,True,0.07935386856314339,1.1265891439630906,27.99964616319966,61.244771886401814,0.7947476264858664,0.0,NA,NA,1.7763568394002505e-15,NA,False,0.029681087741788393,0.13350286754146246,0.0009479522705078125,474.9453125,False,
1,0.5,reference,ok,True,0.041230779677404204,0.035969319895354936,4.803327435798366e-08,0.0,0.0,0.0,undefined,False,0.039962255476585766,0.0,NA,0.0,NA,NA,NA,NA,NA,NA,NA,0.6515690701900058,0.7280090212620761,0.0,474.9453125,False,
1,0.5,exact_global_nash,ok,True,0.041230779677404204,0.035969319895354936,4.803327435798366e-08,0.035279437297748954,0.03651040718237901,0.9808202490452128,-13.241822280873087,True,0.08172330720582636,1.3904713195804939,NA,311.32498210853936,NA,NA,NA,NA,NA,NA,NA,0.09759284213125,0.0,0.9172539710998535,474.9453125,False,
1,0.5,exact_proximal_nash,ok,True,0.041230779677404204,0.035969319895354936,4.803327435798366e-08,0.03403604722774611,0.03505222474250912,0.9462521762092454,-13.404659293157179,True,0.0766164695089698,1.113890202887799,NA,61.10209104090795,NA,NA,NA,NA,NA,NA,NA,0.0,0.09759284213125,3.8836941719055176,474.9453125,False,
1,0.5,nbpo_direct,ok,True,0.041230779677404204,0.035969319895354936,4.803327435798366e-08,0.034036047208534446,0.03505222471076826,0.9462521756751328,-13.404659296627774,True,0.07661646930247012,1.1138901994171992,114.17213184727356,61.10210034746705,1.7922279504922756e-07,5.146502307096235e-07,1.4181683605229978e-10,1.418172246303584e-10,1.3322676295501878e-15,67,False,2.5352745878637285e-08,0.09759284267062543,7.617006301879883,474.9453125,False,
1,0.5,nbpo_rstep_legacy,ok,False,0.041230779677404204,0.035969319895354936,4.803327435798366e-08,0.03130299103175119,0.03278943729515302,0.8702691939358477,-13.673543060176783,True,0.0971730321312243,1.2139383207975367,100.69647375925578,60.131856676263,0.9934152968970421,0.9934152973587437,0.00817980404670201,0.00817980404670493,1.7763568394002505e-15,1500,True,0.12826147933276885,0.19373666024197145,3.484825372695923,474.9453125,False,projected_kkt 8.18e-03 >= 1e-06; inverse_surplus 8.18e-03 >= 1e-06 with no active box bound; inner_extra_map 9.93e-01 >= 1e-04
1,0.5,fixed_reference_nash,ok,True,0.041230779677404204,0.035969319895354936,4.803327435798366e-08,0.03335929675509214,0.03447902738452733,0.9274375176440338,-13.470943645400355,True,0.08700587928908012,1.1256649397935639,112.74528587688347,61.207304244419305,0.0,0.0,1.3877787807814457e-17,0.0,1.7763568394002505e-15,30,False,0.05833175654028953,0.13330672310146063,0.01975560188293457,474.9453125,False,
1,0.5,bt_rm_nash,ok,True,0.041230779677404204,0.035969319895354936,4.803327435798366e-08,0.03335741178868923,0.03447641589094837,0.9273851128054549,-13.471252883233571,True,0.08703675892666135,1.125775958208539,27.99964616319966,61.22305837230331,3.3306690738754696e-16,0.0,2.7755575615628914e-17,0.0,1.7763568394002505e-15,30,False,0.05843648019528687,0.13334494243412806,0.01898336410522461,474.9453125,False,
1,0.5,game_utilitarian,ok,True,0.041230779677404204,0.035969319895354936,4.803327435798366e-08,0.03401371661976073,0.035057684517203244,0.9456313524613861,-13.404092256429758,True,0.07663711734580309,1.1144857937080292,114.17213184727356,61.12090763915587,1.7969225038494407e-08,3.781114965573096e-08,NA,NA,1.7763568394002505e-15,NA,False,0.001507799111477069,0.09723960676677294,0.17641139030456543,474.9453125,False,
1,0.5,game_ks,ok,True,0.041230779677404204,0.035969319895354936,4.803327435798366e-08,0.03385296553702765,0.03507669112165552,0.9411622359142634,-13.402087918718445,True,0.07682348398336862,1.1174300144524971,114.17213184727358,61.14354062031859,4.080708737586036e-08,1.3337862636575437e-07,NA,NA,1.7763568394002505e-15,NA,False,0.009468826186000302,0.09569123420546342,60.04500651359558,474.9453125,False,
1,0.5,bt_rm_utilitarian,ok,True,0.041230779677404204,0.035969319895354936,4.803327435798366e-08,0.033327141572845394,0.03447935096827269,0.9265435562808416,-13.471008709913473,True,0.08710710365849361,1.1265891439630906,27.99964616319966,61.24477188640181,0.7947476264858664,0.0,NA,NA,1.7763568394002505e-15,NA,False,0.059427641878183765,0.13316720497438647,0.0009627342224121094,474.9453125,False,
1,0.75,reference,ok,True,0.0951491228495398,0.03566770773727425,6.982917014758394e-08,0.0,0.0,0.0,undefined,False,0.03996225547658577,0.0,NA,0.0,NA,NA,NA,NA,NA,NA,NA,0.6537635970199462,0.7146722792367621,0.0,474.9453125,False,
1,0.75,exact_global_nash,ok,True,0.0951491228495398,0.03566770773727425,6.982917014758394e-08,0.035094470290866465,0.03631000196710286,0.9839283911758443,-13.263852490254914,True,0.08017773356718583,1.3553135292467298,NA,309.1378393146163,NA,NA,NA,NA,NA,NA,NA,0.07421855588942837,0.0,0.6495058536529541,474.9453125,False,
1,0.75,exact_proximal_nash,ok,True,0.0951491228495398,0.03566770773727425,6.982917014758394e-08,0.03401031062380635,0.03502270401809355,0.9535322783937739,-13.408023170395166,True,0.0760251062114164,1.120667982095472,NA,60.91019696282261,NA,NA,NA,NA,NA,NA,NA,0.0,0.07421855588942837,4.251584529876709,474.9453125,False,
1,0.75,nbpo_direct,ok,True,0.0951491228495398,0.03566770773727425,6.982917014758394e-08,0.03401031071819332,0.035022704055402115,0.9535322810400603,-13.408023165931494,True,0.0760251070245866,1.1206679865591422,114.26798118679235,60.9101999238606,1.185457093599851e-07,5.301287681613864e-07,1.5386048685117615e-10,1.538609240014921e-10,1.3322676295501878e-15,70,False,2.3069221589249078e-08,0.07421855785515175,8.956958055496216,474.9453125,False,
1,0.75,nbpo_rstep_legacy,ok,False,0.0951491228495398,0.03566770773727425,6.982917014758394e-08,0.01665151965583512,0.018927614991411667,0.46685141020244436,-15.918205700441284,True,0.1434250394669392,1.3741621394271195,115.8562927993294,91.8531625208694,0.9999995844535848,0.9999995844535848,0.017892094329983305,0.01789209432998007,1.7763568394002505e-15,1500,True,0.28590779831111945,0.32364450061547095,3.6302711963653564,474.9453125,False,projected_kkt 1.79e-02 >= 1e-06; inverse_surplus 1.79e-02 >= 1e-06 with no active box bound; inner_extra_map 1.00e+00 >= 1e-04
1,0.75,fixed_reference_nash,ok,True,0.0951491228495398,0.03566770773727425,6.982917014758394e-08,0.03204911420284093,0.03320480713626292,0.8985470678102552,-13.621730409609278,True,0.09590367596176086,1.1256649397935639,112.74528587688347,61.20730424441931,0.0,0.0,6.938893903907228e-18,0.0,1.7763568394002505e-15,30,False,0.07513514589363494,0.12633375721399884,0.02044534683227539,474.9453125,False,
1,0.75,bt_rm_nash,ok,True,0.0951491228495398,0.03566770773727425,6.982917014758394e-08,0.03204338076228242,0.033197609244605145,0.8983863218323881,-13.622605053274569,True,0.09595242754981918,1.125775958208539,27.999646163199664,61.22305837230333,4.440892098500626e-16,0.0,2.7755575615628914e-17,0.0,1.7763568394002505e-15,31,False,0.07528640232910275,0.12637772134363157,0.020288705825805664,474.9453125,False,
1,0.75,game_utilitarian,ok,True,0.0951491228495398,0.03566770773727425,6.982917014758394e-08,0.03399263283174737,0.035027625512739524,0.9530366538308164,-13.40750673545803,True,0.07605093732352841,1.1212076536721698,114.26798118679235,60.929470530571336,2.3473390786676873e-08,8.457129418992793e-08,NA,NA,1.3322676295501878e-15,NA,False,0.0011392315024844675,0.07396232475679368,0.16462111473083496,474.9453125,False,
1,0.75,game_ks,ok,True,0.0951491228495398,0.03566770773727425,6.982917014758394e-08,0.033882059212642195,0.03504564375784504,0.9499365493912586,-13.40559916187312,True,0.07620196212035857,1.1237333396615052,114.26798118679235,60.974094207839336,3.161105674442943e-08,1.1708600988757922e-07,NA,NA,1.3322676295501878e-15,NA,False,0.00639691398216965,0.07308533476491348,62.22956609725952,474.9453125,False,
1,0.75,bt_rm_utilitarian,ok,True,0.0951491228495398,0.03566770773727425,6.982917014758394e-08,0.03201263745437548,0.03319579183537816,0.8975243850874367,-13.622925816526188,True,0.09606117277027355,1.1265891439630906,27.999646163199664,61.24477188640182,0.7947476264858664,0.0,NA,NA,1.7763568394002505e-15,NA,False,0.07603542493906452,0.12619548732766342,0.000980377197265625,474.9453125,False,
1,1.0,reference,ok,True,0.17759501488889518,0.03546950345494317,1.629405967790154e-08,0.0,0.0,0.0,undefined,False,0.03996225547658577,0.0,NA,0.0,NA,NA,NA,NA,NA,NA,NA,0.6562759244652421,0.7097050792872797,0.0,474.9453125,False,
1,1.0,exact_global_nash,ok,True,0.17759501488889518,0.03546950345494317,1.629405967790154e-08,0.03501547411000487,0.03618940536665778,0.9871994445731372,-13.277077610344392,True,0.07944933830539366,1.3367612437246241,NA,303.72694349062954,NA,NA,NA,NA,NA,NA,NA,0.06119798171169573,0.0,0.8762989044189453,474.9453125,False,
1,1.0,exact_proximal_nash,ok,True,0.17759501488889518,0.03546950345494317,1.629405967790154e-08,0.03402192271581752,0.03503014501692,0.9591880179274426,-13.407174736932046,True,0.07552894044006896,1.1273683236236642,NA,60.72407066211243,NA,NA,NA,NA,NA,NA,NA,0.0,0.06119798171169573,3.06025767326355,474.9453125,False,
1,1.0,nbpo_direct,ok,True,0.17759501488889518,0.03546950345494317,1.629405967790154e-08,0.034021922842470256,0.03503014501335115,0.9591880214981928,-13.407174737316208,True,0.07552893844994228,1.1273683232395162,114.24376486935029,60.72408653450831,2.741639568704102e-07,8.742309022813366e-07,2.1956706591774733e-10,2.1956481077722856e-10,1.7763568394002505e-15,51,False,2.8139167905650848e-08,0.06119798001634019,5.106047868728638,474.9453125,False,
1,1.0,nbpo_rstep_legacy,ok,False,0.17759501488889518,0.03546950345494317,1.629405967790154e-08,-0.0180359525571693,-0.012009688921886672,-0.5084918253812132,undefined,False,0.20971760287129257,1.487203944602449,168.19453560709798,189.82417762530923,1.0,1.0,0.04118545686484868,0.0411854568648522,3.552713678800501e-15,1500,True,0.4531951721234716,0.45891811575663455,3.4986824989318848,474.9453125,False,projected_kkt 4.12e-02 >= 1e-06; inverse_surplus 4.12e-02 >= 1e-06 with no active box bound; inner_extra_map 1.00e+00 >= 1e-04
1,1.0,fixed_reference_nash,ok,True,0.17759501488889518,0.03546950345494317,1.629405967790154e-08,0.03025507695571484,0.03140789004373991,0.8529884551146253,-13.844471909015095,True,0.10538594517026184,1.1256649397935639,112.74528587688347,61.20730424441931,0.0,0.0,2.0816681711721685e-17,0.0,1.7763568394002505e-15,30,False,0.08475677610485922,0.12687464248415503,0.019645214080810547,474.9453125,False,
1,1.0,bt_rm_nash,ok,True,0.17759501488889518,0.03546950345494317,1.629405967790154e-08,0.03024416575402314,0.03139434206057624,0.8526808330554227,-13.84620740972559,True,0.10545349859131023,1.125775958208539,27.999646163199664,61.22305837230332,4.440892098500626e-16,0.0,1.3877787807814457e-16,0.0,1.7763568394002505e-15,29,False,0.08491556782063751,0.12698402954022808,0.018365144729614258,474.9453125,False,
1,1.0,game_utilitarian,ok,True,0.17759501488889518,0.03546950345494317,1.629405967790154e-08,0.03400699590568098,0.035034638657376965,0.9587671828809216,-13.406700941446589,True,0.07555630536606962,1.1278621051808215,114.24376486935029,60.74404223003257,1.5378306073010606e-08,1.1846887465472022e-07,NA,NA,1.7763568394002505e-15,NA,False,0.0009280626253021076,0.06099884715272669,0.19999027252197266,474.9453125,False,
1,1.0,game_ks,ok,True,0.17759501488889518,0.03546950345494317,1.629405967790154e-08,0.03391839611192488,0.0350515879192774,0.9562692681901043,-13.404912488167518,True,0.07571288918442196,1.1301765078995865,114.24376486935029,60.80935608965477,2.0700206104784513e-08,2.7822471454497233e-07,NA,NA,1.3322676295501878e-15,NA,False,0.004945798531992617,0.06032277275821942,68.06010842323303,474.9453125,False,
1,1.0,bt_rm_utilitarian,ok,True,0.17759501488889518,0.03546950345494317,1.629405967790154e-08,0.030212926946703807,0.03138608030394532,0.8518001100602723,-13.84736759256057,True,0.1056550865539422,1.1265891439630904,27.999646163199664,61.24477188640182,0.7947476264858664,0.0,NA,NA,1.3322676295501878e-15,NA,False,0.08559971903050662,0.12692845293845442,0.0009675025939941406,474.9453125,False,
2,0.0,reference,ok,True,9.725670781123792e-05,0.03277129671926955,1.6557588633503428e-13,0.0,0.0,0.0,undefined,False,0.03959647520792594,0.0,NA,0.0,NA,NA,NA,NA,NA,NA,NA,0.6321586524274018,0.7999999999959997,0.0,474.9453125,False,
2,0.0,exact_global_nash,ok,True,9.725670781123792e-05,0.03277129671926955,1.6557588633503428e-13,0.031535047833047156,0.03330084396337144,0.9622764733171062,-13.613613554107978,True,0.07348774473762934,1.609437912319568,NA,329.3063069287356,NA,NA,NA,NA,NA,NA,NA,0.21028379633071176,0.0,1.66219162940979,474.9453125,False,
2,0.0,exact_proximal_nash,ok,True,9.725670781123792e-05,0.03277129671926955,1.6557588633503428e-13,0.030184258908364004,0.031110226957899136,0.9210578136999881,-13.882670224861908,True,0.07119641053010947,1.0708884099022886,NA,64.26952882987332,NA,NA,NA,NA,NA,NA,NA,0.0,0.21028379633071176,2.8644134998321533,474.9453125,False,
2,0.0,nbpo_direct,ok,True,9.725670781123792e-05,0.03277129671926955,1.6557588633503428e-13,0.030184258917372832,0.031110226901265296,0.921057813974888,-13.882670232322422,True,0.07119641047466074,1.0708884024417702,128.68961563375382,64.26952579841938,6.854306011661038e-11,1.0957901253050295e-13,2.6680047060523293e-15,0.0,1.7763568394002505e-15,49,False,2.8416414810584836e-08,0.21028379796598373,5.384431838989258,474.9453125,False,
2,0.0,nbpo_rstep_legacy,ok,False,9.725670781123792e-05,0.03277129671926955,1.6557588633503428e-13,0.029235851505178077,0.030046083985480435,0.8921176282898616,-14.021964656488857,True,0.0700876632721991,0.9485043619802995,103.66896111044508,49.94486891686094,1.747351263681196e-09,1.1455170145779903e-11,0.008939950180449751,0.008939950180447909,8.881784197001252e-16,1500,True,0.04909136739691712,0.25887333833173515,3.5074570178985596,474.9453125,False,projected_kkt 8.94e-03 >= 1e-06; inverse_surplus 8.94e-03 >= 1e-06 with no active box bound
2,0.0,fixed_reference_nash,ok,True,9.725670781123792e-05,0.03277129671926955,1.6557588633503428e-13,0.03019210631245205,0.031121135003392402,0.9212972733757913,-13.881285409361398,True,0.07121789064668793,1.0723415609465718,128.5236811776132,64.2735365038244,0.0,0.0,6.938893903907228e-18,0.0,1.7763568394002505e-15,59,False,0.00331130819660149,0.20978166537539308,0.03684854507446289,474.9453125,False,
2,0.0,bt_rm_nash,ok,True,9.725670781123792e-05,0.03277129671926955,1.6557588633503428e-13,0.03019192561520936,0.031120262758495953,0.921291759488311,-13.881395326222906,True,0.07121692984908765,1.0722288152677095,31.940239971985985,64.29346485969222,0.0,0.0,2.0816681711721685e-16,0.0,1.7763568394002505e-15,37,False,0.003259790794686665,0.2098372171388962,0.023073434829711914,474.9453125,False,
2,0.0,game_utilitarian,ok,True,9.725670781123792e-05,0.03277129671926955,1.6557588633503428e-13,0.030104730552591528,0.03111983884051814,0.9186310450416177,-13.881758240087617,True,0.071203987611447,1.07196948446017,128.68961563375382,64.34021418367684,1.5170281919552053e-08,9.732137318252398e-11,NA,NA,1.7763568394002505e-15,NA,False,0.005410158478973878,0.20871994967311833,0.2921621799468994,474.9453125,False,
2,0.0,game_ks,ok,True,9.725670781123792e-05,0.03277129671926955,1.6557588633503428e-13,0.03005264987844079,0.030982169531869292,0.9170418288871006,-13.899946853971727,True,0.07105548851310929,1.0604856470269552,128.68961563375382,64.66703273434119,1.5265680275433624e-08,5.631228816582734e-11,NA,NA,1.7763568394002505e-15,NA,False,0.033180411521942496,0.21355604638081474,55.17473220825195,474.9453125,False,
2,0.0,bt_rm_utilitarian,ok,True,9.725670781123792e-05,0.03277129671926955,1.6557588633503428e-13,0.03011093013030788,0.031130263749169797,0.9188202221062136,-13.880442387075716,True,0.07122464012836104,1.0733778448250857,31.940239971985985,64.36734454771326,0.7920561110931652,0.0,NA,NA,1.3322676295501878e-15,NA,False,0.006836434455525163,0.20824766140156478,0.0009779930114746094,474.9453125,False,
2,0.25,reference,ok,True,0.01006132109230649,0.03227159138756076,1.7254640168051782e-08,0.0,0.0,0.0,undefined,False,0.039596475207925946,0.0,NA,0.0,NA,NA,NA,NA,NA,NA,NA,0.6318022723625798,0.7617506561008017,0.0,474.9453125,False,
2,0.25,exact_global_nash,ok,True,0.01006132109230649,0.03227159138756076,1.7254640168051782e-08,0.0311554523421194,0.03278823117534613,0.9654141925622057,-13.674085720233535,True,0.07616786983409561,1.488691494969465,NA,318.85708688508237,NA,NA,NA,NA,NA,NA,NA,0.157455329468174,0.0,1.051802396774292,474.9453125,False,
2,0.25,exact_proximal_nash,ok,True,0.01006132109230649,0.03227159138756076,1.7254640168051782e-08,0.030167160452125395,0.030916766570886448,0.9347899857133626,-13.907409068920645,True,0.07253489401627719,1.0665254240313569,NA,64.18607834143785,NA,NA,NA,NA,NA,NA,NA,0.0,0.157455329468174,3.4105982780456543,474.9453125,False,
2,0.25,nbpo_direct,ok,True,0.01006132109230649,0.03227159138756076,1.7254640168051782e-08,0.03016716058563396,0.030916766648958732,0.9347899898503933,-13.907409058457876,True,0.07253489429668158,1.0665254344941204,129.48119451410494,64.18607867768449,7.034388294080429e-09,5.64925134449723e-09,2.3741737742444258e-12,2.3732127374387346e-12,1.7763568394002505e-15,52,False,2.608122437553309e-08,0.15745532815064606,7.2539472579956055,474.9453125,False,
2,0.25,nbpo_rstep_legacy,ok,False,0.01006132109230649,0.03227159138756076,1.7254640168051782e-08,0.02923153969747373,0.029884584617944177,0.9057978996579998,-14.04330906291565,True,0.07148658247670836,0.9473882456297504,103.90121609911371,49.56066180420841,1.362630590706626e-05,9.587118144027684e-06,0.008935575377468804,0.008935575377471139,1.7763568394002505e-15,1500,True,0.04593062811561516,0.2030635501467864,3.502157211303711,474.9453125,False,projected_kkt 8.94e-03 >= 1e-06; inverse_surplus 8.94e-03 >= 1e-06 with no active box bound
2,0.25,fixed_reference_nash,ok,True,0.01006132109230649,0.03227159138756076,1.7254640168051782e-08,0.029958216276936216,0.030871616577074937,0.9283154312769267,-13.913524731837427,True,0.07482671096208153,1.0723415609465718,128.5236811776132,64.27353650382439,0.0,0.0,6.938893903907228e-18,0.0,1.7763568394002505e-15,59,False,0.033745596100023624,0.16336556422919418,0.03702712059020996,474.9453125,False,
2,0.25,bt_rm_nash,ok,True,0.01006132109230649,0.03227159138756076,1.7254640168051782e-08,0.02995776079901999,0.030870606061147603,0.9283013173799466,-13.91365384013945,True,0.07482700241856156,1.0722288152677095,31.940239971985985,64.29346485969221,0.0,0.0,9.71445146547012e-17,0.0,1.7763568394002505e-15,36,False,0.03382380777459782,0.16342179620260802,0.02250957489013672,474.9453125,False,
2,0.25,game_utilitarian,ok,True,0.01006132109230649,0.03227159138756076,1.7254640168051782e-08,0.030113631541920493,0.03092308349234214,0.9331312850449619,-13.906822660124122,True,0.07258863080955998,1.0672315498635934,129.48119451410494,64.25412346382352,2.8317055589255347e-08,1.632941437623714e-08,NA,NA,1.3322676295501878e-15,NA,False,0.0040674637276229275,0.1566563393154306,0.14815545082092285,474.9453125,False,
2,0.25,game_ks,ok,True,0.01006132109230649,0.03227159138756076,1.7254640168051782e-08,0.029802814188774958,0.030841321404828936,0.923499985819187,-13.918553402042134,True,0.0729004624450422,1.061481916349385,129.48119451410494,64.75559175335631,3.516438507045194e-08,1.5899167926658464e-08,NA,NA,1.7763568394002505e-15,NA,False,0.026705961709072922,0.16076085019900196,50.95262312889099,474.9453125,False,
2,0.25,bt_rm_utilitarian,ok,True,0.01006132109230649,0.03227159138756076,1.7254640168051782e-08,0.029877347542390263,0.030877725215190763,0.9258095513042047,-13.91307682498708,True,0.07487099291431963,1.0733778448250857,31.940239971985985,64.36734454771326,0.7920561110931656,0.0,NA,NA,1.7763568394002505e-15,NA,False,0.033338632071226774,0.1624739684069362,0.0009622573852539062,474.9453125,False,
2,0.5,reference,ok,True,0.04059252518705876,0.03180267122779582,3.0652260528396535e-08,0.0,0.0,0.0,undefined,False,0.039596475207925946,0.0,NA,0.0,NA,NA,NA,NA,NA,NA,NA,0.6382057767788117,0.7518390789335205,0.0,474.9453125,False,
2,0.5,exact_global_nash,ok,True,0.04059252518705876,0.03180267122779582,3.0652260528396535e-08,0.03129638138761684,0.032522199303537495,0.9840802731144018,-13.705806242642772,True,0.07582500986968625,1.456335936631477,NA,316.7492288502416,NA,NA,NA,NA,NA,NA,NA,0.12350006476602335,0.0,1.6271898746490479,474.9453125,False,
2,0.5,exact_proximal_nash,ok,True,0.04059252518705876,0.03180267122779582,3.0652260528396535e-08,0.030074261818822955,0.030851783519150154,0.9456520681362696,-13.915936856214332,True,0.07260900874268121,1.079457280072277,NA,63.77524925367311,NA,NA,NA,NA,NA,NA,NA,0.0,0.12350006476602335,4.1358044147491455,474.9453125,False,
2,0.5,nbpo_direct,ok,True,0.04059252518705876,0.03180267122779582,3.0652260528396535e-08,0.03007426190974347,0.030851783606682552,0.9456520709951651,-13.915936844719615,True,0.07260900835657225,1.0794572915669856,129.76114814974463,63.77524142543916,9.992445637596603e-08,2.982098754600315e-07,6.528421553353425e-11,6.5284666561638e-11,1.7763568394002505e-15,55,False,2.9004321191004652e-08,0.12350005952357765,6.791203260421753,474.9453125,False,
2,0.5,nbpo_rstep_legacy,ok,False,0.04059252518705876,0.03180267122779582,3.0652260528396535e-08,0.02692093797347607,0.027917091853457407,0.8464992698458275,-14.31501832490533,True,0.09177555112526531,1.1284522657575855,107.26330244178382,57.885927486487844,0.9987139962759993,0.9987139963841132,0.010209603491894346,0.01020960349189437,1.7763568394002505e-15,1500,True,0.14043657478106752,0.23384290109826722,3.5031578540802,474.9453125,False,projected_kkt 1.02e-02 >= 1e-06; inverse_surplus 1.02e-02 >= 1e-06 with no active box bound; inner_extra_map 9.99e-01 >= 1e-04
2,0.5,fixed_reference_nash,ok,True,0.04059252518705876,0.03180267122779582,3.0652260528396535e-08,0.029270621738159013,0.03013185214355176,0.9203824901530984,-14.01079888475352,True,0.08246571282215981,1.0723415609465718,128.5236811776132,64.27353650382439,0.0,0.0,6.938893903907228e-18,0.0,1.7763568394002505e-15,59,False,0.06712843676233982,0.17253902423454762,0.03678297996520996,474.9453125,False,
2,0.5,bt_rm_nash,ok,True,0.04059252518705876,0.03180267122779582,3.0652260528396535e-08,0.029269461964864893,0.030130412860205017,0.9203460223581194,-14.010988722828978,True,0.082471550824532,1.0722288152677095,31.94023997198597,64.2934648596922,0.0,0.0,2.0816681711721685e-16,0.0,1.7763568394002505e-15,35,False,0.06721935767625885,0.17261415014797502,0.021878719329833984,474.9453125,False,
2,0.5,game_utilitarian,ok,True,0.04059252518705876,0.03180267122779582,3.0652260528396535e-08,0.030053916489721888,0.030857266951926126,0.9450123316513895,-13.915391990694491,True,0.07260549054209595,1.080087488284772,129.76114814974463,63.85483012062215,3.266188053352437e-08,9.891863872457662e-08,NA,NA,1.3322676295501878e-15,NA,False,0.0027685438648830537,0.12303930127753719,0.16403770446777344,474.9453125,False,
2,0.5,game_ks,ok,True,0.04059252518705876,0.03180267122779582,3.0652260528396535e-08,0.029782616482379485,0.030829056343604017,0.9364816014684078,-13.920389273353425,True,0.0730589058762896,1.0804986874477798,129.76114814974466,64.49622310058203,5.287406845688736e-08,2.297304170784109e-07,NA,NA,1.7763568394002505e-15,NA,False,0.02187346700800452,0.12335063810940775,56.88736343383789,474.9453125,False,
2,0.5,bt_rm_utilitarian,ok,True,0.04059252518705876,0.03180267122779582,3.0652260528396535e-08,0.029190910347415038,0.030132790350353076,0.9178760531883221,-14.011058570588574,True,0.08246846124833819,1.0733778448250855,31.94023997198597,64.36734454771323,0.7920561110931652,0.0,NA,NA,1.7763568394002505e-15,NA,False,0.06632522162815177,0.17197302148726884,0.0009622573852539062,474.9453125,False,
2,0.75,reference,ok,True,0.09381821784602706,0.031550143452099916,6.243707033337653e-08,0.0,0.0,0.0,undefined,False,0.039596475207925946,0.0,NA,0.0,NA,NA,NA,NA,NA,NA,NA,0.644946996225108,0.7410252119959304,0.0,474.9453125,False,
2,0.75,exact_global_nash,ok,True,0.09381821784602706,0.031550143452099916,6.243707033337653e-08,0.031163454821368185,0.03234490229497399,0.9877436807436768,-13.727503409554881,True,0.07519222504624028,1.415986893766726,NA,308.0927783467289,NA,NA,NA,NA,NA,NA,NA,0.0992895826028925,0.0,0.6080317497253418,474.9453125,False,
2,0.75,exact_proximal_nash,ok,True,0.09381821784602706,0.031550143452099916,6.243707033337653e-08,0.03000042441309965,0.03088325523696392,0.9508807609273446,-13.912088104291389,True,0.07209003342035919,1.0961762836529005,NA,63.30792549068462,NA,NA,NA,NA,NA,NA,NA,0.0,0.0992895826028925,3.746281862258911,474.9453125,False,
2,0.75,nbpo_direct,ok,True,0.09381821784602706,0.031550143452099916,6.243707033337653e-08,0.030000424537745398,0.030883255418980324,0.9508807648780636,-13.9120880805307,True,0.07209003461975584,1.0961763074135333,129.6437525605988,63.307849279938424,2.1987706699810872e-07,2.291872712112397e-06,3.2922979273375397e-10,3.292228711870848e-10,1.7763568394002505e-15,68,False,4.119847554793317e-08,0.09928958150394909,8.183679103851318,474.9453125,False,
2,0.75,nbpo_rstep_legacy,ok,False,0.09381821784602706,0.031550143452099916,6.243707033337653e-08,0.011249214618972539,0.01815862880839402,0.35655034773617844,-16.199209390279993,True,0.13052192824351272,1.2977947571042416,123.88403557806315,96.43455945218608,0.9999997556442647,0.9999997556442647,0.019876994990339993,0.01987699499034079,1.7763568394002505e-15,1500,True,0.24394757956805088,0.29363638188722213,3.504889726638794,474.9453125,False,projected_kkt 1.99e-02 >= 1e-06; inverse_surplus 1.99e-02 >= 1e-06 with no active box bound; inner_extra_map 1.00e+00 >= 1e-04
2,0.75,fixed_reference_nash,ok,True,0.09381821784602706,0.031550143452099916,6.243707033337653e-08,0.02815342830451893,0.028901816072714057,0.8923391536162759,-14.178103327148019,True,0.09118967724214538,1.0723415609465718,128.5236811776132,64.2735365038244,0.0,0.0,6.938893903907228e-18,0.0,1.7763568394002505e-15,57,False,0.08684967358749161,0.16680221166661835,0.03835415840148926,474.9453125,False,
2,0.75,bt_rm_nash,ok,True,0.09381821784602706,0.031550143452099916,6.243707033337653e-08,0.028151164725002988,0.02889963602581934,0.892267408157515,-14.178404846675393,True,0.09119906093657629,1.0722288152677095,31.940239971985985,64.29346485969221,0.0,0.0,2.0816681711721685e-16,0.0,1.7763568394002505e-15,36,False,0.08697167155479583,0.16691716380964633,0.023406505584716797,474.9453125,False,
2,0.75,game_utilitarian,ok,True,0.09381821784602706,0.031550143452099916,6.243707033337653e-08,0.02998414040834505,0.030889173279902798,0.9503646300013691,-13.911455359842595,True,0.07207520999561276,1.0968774543528519,129.6437525605988,63.39980376796013,3.606824672264253e-08,1.7339512381475686e-07,NA,NA,1.7763568394002505e-15,NA,False,0.0020866492577741435,0.09895220045819374,0.14185810089111328,474.9453125,False,
2,0.75,game_ks,ok,True,0.09381821784602706,0.031550143452099916,6.243707033337653e-08,0.02983406490987013,0.030886495280187425,0.9456079004891002,-13.912777880137304,True,0.07227572110684949,1.0992800863190941,129.6437525605988,64.05359479128707,4.152437693694111e-08,3.988751773320587e-07,NA,NA,1.7763568394002505e-15,NA,False,0.015438307709671861,0.09847667789278539,61.85713171958923,474.9453125,False,
2,0.75,bt_rm_utilitarian,ok,True,0.09381821784602706,0.031550143452099916,6.243707033337653e-08,0.028076712276192017,0.028895503768887214,0.8899075948360953,-14.17944307418014,True,0.09117744658479515,1.0733778448250855,31.940239971985985,64.36734454771324,0.7920561110931656,0.0,NA,NA,1.7763568394002505e-15,NA,False,0.08600164727623424,0.16642412363789666,0.0009565353393554688,474.9453125,False,
2,1.0,reference,ok,True,0.17505104996245519,0.031361047438304465,7.950182964039376e-08,0.0,0.0,0.0,undefined,False,0.039596475207925946,0.0,NA,0.0,NA,NA,NA,NA,NA,NA,NA,0.6512473699285621,0.7322286657940001,0.0,474.9453125,False,
2,1.0,exact_global_nash,ok,True,0.17505104996245519,0.031361047438304465,7.950182964039376e-08,0.031036739576651762,0.03223760743940959,0.9896588957275517,-13.740993953449946,True,0.07439770245865712,1.392742335035631,NA,306.9790526398841,NA,NA,NA,NA,NA,NA,NA,0.08206084112768106,0.0,0.42169737815856934,474.9453125,False,
2,1.0,exact_proximal_nash,ok,True,0.17505104996245519,0.031361047438304465,7.950182964039376e-08,0.029979382824962333,0.03092847292327611,0.9559432886908438,-13.906437759611794,True,0.0715611127689112,1.1101534627159886,NA,62.93229700153548,NA,NA,NA,NA,NA,NA,NA,0.0,0.08206084112768106,2.7226266860961914,474.9453125,False,
2,1.0,nbpo_direct,ok,True,0.17505104996245519,0.031361047438304465,7.950182964039376e-08,0.02997938299438052,0.030928472979995226,0.955943294093029,-13.906437751930572,True,0.07156111171282442,1.1101534703972324,129.46724483122938,62.932307983947595,1.6728418217315522e-07,1.3502398540921057e-06,2.26451336848843e-10,2.2644996988674393e-10,1.7763568394002505e-15,62,False,2.4894477070745754e-08,0.08206083871271495,7.027023553848267,474.9453125,False,
2,1.0,nbpo_rstep_legacy,ok,False,0.17505104996245519,0.031361047438304465,7.950182964039376e-08,-0.032647849274075484,-0.021338983346741454,-1.0410318513213725,undefined,False,0.2252289508613306,1.4683615355319728,201.4582795471737,208.7001340481378,1.0,1.0,0.051876970715829744,0.0518769707158242,7.105427357601002e-15,1500,True,0.5365317438416135,0.5399917341119848,3.495173931121826,474.9453125,False,projected_kkt 5.19e-02 >= 1e-06; inverse_surplus 5.19e-02 >= 1e-06 with no active box bound; inner_extra_map 1.00e+00 >= 1e-04
2,1.0,fixed_reference_nash,ok,True,0.17505104996245519,0.031361047438304465,7.950182964039376e-08,0.026384915297115695,0.027187027961277907,0.8413276166563586,-14.423996914243393,True,0.10054313892179517,1.0723415609465718,128.52368117761318,64.2735365038244,0.0,0.0,6.938893903907228e-18,0.0,1.7763568394002505e-15,57,False,0.09930092953438022,0.16401999475611065,0.03589129447937012,474.9453125,False,
2,1.0,bt_rm_nash,ok,True,0.17505104996245519,0.031361047438304465,7.950182964039376e-08,0.026382598997643305,0.027183782590995464,0.8412537575329684,-14.424476128473735,True,0.10055992055489288,1.0722288152677095,31.940239971985992,64.29346485969222,0.0,0.0,1.3877787807814457e-16,0.0,1.7763568394002505e-15,37,False,0.099426806546889,0.16412875697524812,0.023079872131347656,474.9453125,False,
2,1.0,game_utilitarian,ok,True,0.17505104996245519,0.031361047438304465,7.950182964039376e-08,0.029966064003410592,0.030934531874823003,0.9555185955558986,-13.905767983165552,True,0.0715464198146515,1.1108813535834479,129.46724483122938,63.03429511549161,3.253132019320759e-08,5.808737270629472e-07,NA,NA,1.7763568394002505e-15,NA,False,0.0016829302737677,0.0818030932785714,0.1263747215270996,474.9453125,False,
2,1.0,game_ks,ok,True,0.17505104996245519,0.031361047438304465,7.950182964039376e-08,0.029874018628267034,0.030942565578090976,0.9525835732061305,-13.905351800757613,True,0.07161188608461785,1.1133548924434842,129.46724483122938,63.595863033901445,2.470230239803861e-08,2.685109135036612e-07,NA,NA,1.7763568394002505e-15,NA,False,0.010065090436911426,0.0811901398661323,64.520094871521,474.9453125,False,
2,1.0,bt_rm_utilitarian,ok,True,0.17505104996245519,0.031361047438304465,7.950182964039376e-08,0.026330500558527706,0.02717165439544886,0.8395925107516519,-14.426882700971493,True,0.10048935817799715,1.0733778448250855,31.940239971985992,64.36734454771326,0.7920561110931656,0.0,NA,NA,1.7763568394002505e-15,NA,False,0.09832510912715521,0.16350733617918692,0.0009644031524658203,474.9453125,False,
3,0.0,reference,ok,True,0.00010297357923876746,0.035926538139361065,1.8167412019209905e-13,0.0,0.0,0.0,undefined,False,0.04017780299827385,0.0,NA,0.0,NA,NA,NA,NA,NA,NA,NA,0.6450612849563825,0.7993917075183445,0.0,474.9453125,False,
3,0.0,exact_global_nash,ok,True,0.00010297357923876746,0.035926538139361065,1.8167412019209905e-13,0.03457584891345652,0.03656850886126006,0.9624041364446208,-13.236667912130976,True,0.0771606677633426,1.606576681184429,NA,328.28300618388107,NA,NA,NA,NA,NA,NA,NA,0.1918134274679251,0.0,2.2412471771240234,474.9453125,False,
3,0.0,exact_proximal_nash,ok,True,0.00010297357923876746,0.035926538139361065,1.8167412019209905e-13,0.03296318654920197,0.03437786709551077,0.9175163613409093,-13.4841202934508,True,0.07498891318609091,1.1111721921589321,NA,61.8267465737943,NA,NA,NA,NA,NA,NA,NA,0.0,0.1918134274679251,2.6950714588165283,474.9453125,False,
3,0.0,nbpo_direct,ok,True,0.00010297357923876746,0.035926538139361065,1.8167412019209905e-13,0.03296318637360846,0.0343778669952517,0.9175163564533384,-13.48412030500998,True,0.07498891306137516,1.1111721805997439,116.5132824721707,61.826741045669685,7.666089985036706e-14,4.440892098500626e-16,3.469446951953614e-17,0.0,1.3322676295501878e-15,33,False,3.1739982002456494e-08,0.1918134295279824,2.740262031555176,474.9453125,False,
3,0.0,nbpo_rstep_legacy,ok,False,0.00010297357923876746,0.035926538139361065,1.8167412019209905e-13,0.03220061793971653,0.03349651141700197,0.8962905864964923,-13.588028579183167,True,0.0740856998591333,1.017172249730357,98.39454695300176,50.65203291501741,1.4711588613991466e-09,1.0785039528116158e-11,0.007752619259888412,0.0077526192598895705,1.3322676295501878e-15,1500,True,0.03603519320189467,0.2277004685398992,3.483009099960327,474.9453125,False,projected_kkt 7.75e-03 >= 1e-06; inverse_surplus 7.75e-03 >= 1e-06 with no active box bound
3,0.0,fixed_reference_nash,ok,True,0.00010297357923876746,0.035926538139361065,1.8167412019209905e-13,0.03295025552196411,0.03437980843906835,0.9171564316647547,-13.483921484482671,True,0.07501146053260949,1.111447264642219,116.40049520734046,61.85754330937253,0.0,0.0,1.3877787807814457e-17,0.0,1.7763568394002505e-15,29,False,0.003487387464507381,0.19204900607686126,0.019135713577270508,474.9453125,False,
3,0.0,bt_rm_nash,ok,True,0.00010297357923876746,0.035926538139361065,1.8167412019209905e-13,0.0329525071543869,0.03438180898266734,0.9172191049012923,-13.483688511011838,True,0.07501265334729863,1.111677074737642,28.911642215541935,61.86376981703786,0.0,0.0,1.942890293094024e-16,0.0,1.3322676295501878e-15,33,False,0.0033151535721520345,0.191857230504054,0.0206301212310791,474.9453125,False,
3,0.0,game_utilitarian,ok,True,0.00010297357923876746,0.035926538139361065,1.8167412019209905e-13,0.032902020643555005,0.034390011687547226,0.9158138342170964,-13.482936982118105,True,0.07501285764501997,1.1124737301941916,116.5132824721707,61.90640747902488,1.380290379909832e-08,6.677391972687019e-11,NA,NA,1.3322676295501878e-15,NA,False,0.004393672239141581,0.19186639209828396,0.23514771461486816,474.9453125,False,
3,0.0,game_ks,ok,True,0.00010297357923876746,0.035926538139361065,1.8167412019209905e-13,0.033185584186653176,0.03425404081331879,0.9237067055535501,-13.49793510891121,True,0.07482143086193144,1.0996656164517111,116.51328247217069,61.75273640207491,1.510729641385211e-08,1.1149831058432369e-10,NA,NA,1.3322676295501878e-15,NA,False,0.017938701784413154,0.1969927762298023,62.789501667022705,474.9453125,False,
3,0.0,bt_rm_utilitarian,ok,True,0.00010297357923876746,0.035926538139361065,1.8167412019209905e-13,0.032889746572760135,0.03439388751507248,0.9154721906457827,-13.482518411764303,True,0.07503663660606061,1.1129978559367184,28.911642215541935,61.945279697454374,0.7874828517482513,0.0,NA,NA,1.7763568394002505e-15,NA,False,0.005748765094906726,0.19193880191720317,0.0009443759918212891,474.9453125,False,
3,0.25,reference,ok,True,0.009854589267567928,0.03520835368211747,3.079892386959049e-08,0.0,0.0,0.0,undefined,False,0.04017780299827385,0.0,NA,0.0,NA,NA,NA,NA,NA,NA,NA,0.6391358805712437,0.7675148966974259,0.0,474.9453125,False,
3,0.25,exact_global_nash,ok,True,0.009854589267567928,0.03520835368211747,3.079892386959049e-08,0.033617861612057966,0.035950114923543934,0.9548262868403493,-13.306093706765486,True,0.08242564980993365,1.5091641925865318,NA,318.86537047329097,NA,NA,NA,NA,NA,NA,NA,0.1527438646074887,0.0,1.221578598022461,474.9453125,False,
3,0.25,exact_proximal_nash,ok,True,0.009854589267567928,0.03520835368211747,3.079892386959049e-08,0.032640660191082645,0.03405473201078176,0.9270714696228761,-13.521850598427523,True,0.07752033665377621,1.0999661938239682,NA,61.915733875155475,NA,NA,NA,NA,NA,NA,NA,0.0,0.1527438646074887,3.1529932022094727,474.9453125,False,
3,0.25,nbpo_direct,ok,True,0.009854589267567928,0.03520835368211747,3.079892386959049e-08,0.03264066037838572,0.034054732198812575,0.9270714749427237,-13.521850576310445,True,0.07752033679226557,1.0999662159409822,117.61648495781091,61.91574711020965,1.0347012135980549e-10,4.9592940865039736e-11,5.508857259250988e-13,5.542233338928781e-13,1.7763568394002505e-15,48,False,5.883287704682364e-08,0.15274385645365704,6.57416844367981,474.9453125,False,
3,0.25,nbpo_rstep_legacy,ok,False,0.009854589267567928,0.03520835368211747,3.079892386959049e-08,0.031895559956014945,0.033210331015957814,0.9059088716271015,-13.622336588279119,True,0.07655006066718009,1.0093355246200342,98.7787454738764,50.342869307495555,9.14215106972982e-06,4.974293472237434e-06,0.007884585956741706,0.007884585956745127,1.3322676295501878e-15,1500,True,0.03360351320987409,0.18600453816025952,3.4791197776794434,474.9453125,False,projected_kkt 7.88e-03 >= 1e-06; inverse_surplus 7.88e-03 >= 1e-06 with no active box bound
3,0.25,fixed_reference_nash,ok,True,0.009854589267567928,0.03520835368211747,3.079892386959049e-08,0.032635755477475555,0.03405257844227859,0.9269321642281572,-13.52227867701707,True,0.08000189727198209,1.1114472646422193,116.40049520734046,61.85754330937253,0.0,0.0,1.3877787807814457e-17,0.0,1.7763568394002505e-15,29,False,0.031937160664962314,0.15847197275355918,0.019010543823242188,474.9453125,False,
3,0.25,bt_rm_nash,ok,True,0.009854589267567928,0.03520835368211747,3.079892386959049e-08,0.03263836659603941,0.03405497054748115,0.9270063261326708,-13.52199718677934,True,0.07999788137994665,1.111677074737642,28.91164221554193,61.86376981703786,0.0,0.0,3.885780586188048e-16,0.0,1.3322676295501878e-15,32,False,0.031762663592480395,0.15828391054898874,0.02011418342590332,474.9453125,False,
3,0.25,game_utilitarian,ok,True,0.009854589267567928,0.03520835368211747,3.079892386959049e-08,0.03258563477113806,0.034063343627234774,0.925508618362025,-13.521042574664856,True,0.07754479154632767,1.1008785426631307,117.61648495781091,61.99971395865289,2.7372335453801355e-08,8.229071979393154e-09,NA,NA,1.3322676295501878e-15,NA,False,0.0037333162210911436,0.1524535601859441,0.1877601146697998,474.9453125,False,
3,0.25,game_ks,ok,True,0.009854589267567928,0.03520835368211747,3.079892386959049e-08,0.032759900573473506,0.034008634452340133,0.930458176751174,-13.526951882209556,True,0.07741611641643066,1.09540263252543,117.61648495781088,61.84786270227089,1.541349592404373e-08,8.019413910709261e-09,NA,NA,1.7763568394002505e-15,NA,False,0.008122658336918035,0.1547047818640616,58.56414818763733,474.9453125,False,
3,0.25,bt_rm_utilitarian,ok,True,0.009854589267567928,0.03520835368211747,3.079892386959049e-08,0.03256809377437826,0.03406409780867043,0.9250104128248344,-13.521174465002078,True,0.08005859876046548,1.1129978559367182,28.91164221554193,61.94527969745435,0.7874828517482513,0.0,NA,NA,1.3322676295501878e-15,NA,False,0.03291828713142795,0.1580923490398582,0.0009510517120361328,474.9453125,False,
3,0.5,reference,ok,True,0.03971902558519303,0.03434842669985012,3.4627331058079136e-08,0.0,0.0,0.0,undefined,False,0.04017780299827385,0.0,NA,0.0,NA,NA,NA,NA,NA,NA,NA,0.6389960977926676,0.7357531139690655,0.0,474.9453125,False,
3,0.5,exact_global_nash,ok,True,0.03971902558519303,0.03434842669985012,3.4627331058079136e-08,0.03322966738634834,0.03540621412927464,0.9674290958570554,-13.36708288348851,True,0.0807352895563663,1.4277682099686293,NA,313.49660993213865,NA,NA,NA,NA,NA,NA,NA,0.1117130316798062,0.0,1.296137809753418,474.9453125,False,
3,0.5,exact_proximal_nash,ok,True,0.03971902558519303,0.03434842669985012,3.4627331058079136e-08,0.03229034002739589,0.03382460109362582,0.940082068665369,-13.549207148152984,True,0.07750781604016661,1.1020962794525875,NA,61.82083103114827,NA,NA,NA,NA,NA,NA,NA,0.0,0.1117130316798062,3.032416582107544,474.9453125,False,
3,0.5,nbpo_direct,ok,True,0.03971902558519303,0.03434842669985012,3.4627331058079136e-08,0.03229033981555544,0.03382460095484231,0.94008206249797,-13.549207164751905,True,0.07750781618584658,1.102096262853657,118.43093722597602,61.82083716394159,9.980382059682213e-08,2.1527107618712904e-07,6.168190264110862e-11,6.16822148913343e-11,8.881784197001252e-16,54,False,2.7139137100980852e-08,0.1117130403087292,7.422793865203857,474.9453125,False,
3,0.5,nbpo_rstep_legacy,ok,False,0.03971902558519303,0.03434842669985012,3.4627331058079136e-08,0.02756663383954088,0.030229518097468253,0.8025588502329037,-14.002740787774538,True,0.09508083337264175,1.1386273552407948,101.3570649823515,53.746092353010916,0.9258992133398678,0.9258993277597622,0.011239618142524086,0.011239618142525387,1.3322676295501878e-15,1500,True,0.15257584217597814,0.24597091065777224,3.4758009910583496,474.9453125,False,projected_kkt 1.12e-02 >= 1e-06; inverse_surplus 1.12e-02 >= 1e-06 with no active box bound; inner_extra_map 9.26e-01 >= 1e-04
3,0.5,fixed_reference_nash,ok,True,0.03971902558519303,0.03434842669985012,3.4627331058079136e-08,0.03177596705487159,0.03313117883361182,0.925106914868105,-13.632021870900717,True,0.08763749996956326,1.111447264642219,116.40049520734046,61.85754330937253,0.0,0.0,1.3877787807814457e-17,0.0,1.3322676295501878e-15,29,False,0.06490299551486516,0.15707411920022843,0.019041061401367188,474.9453125,False,
3,0.5,bt_rm_nash,ok,True,0.03971902558519303,0.03434842669985012,3.4627331058079136e-08,0.03178011531389189,0.03313488396570178,0.9252276848543566,-13.631572982476566,True,0.08761616665099717,1.1116770747376417,28.91164221554193,61.86376981703786,0.0,0.0,7.771561172376096e-16,0.0,1.7763568394002505e-15,33,False,0.06470454557007638,0.15685796067806815,0.020788192749023438,474.9453125,False,
3,0.5,game_utilitarian,ok,True,0.03971902558519303,0.03434842669985012,3.4627331058079136e-08,0.03224793726500353,0.03383276013569467,0.9388475794480639,-13.548413480369776,True,0.07748539263673915,1.1029774521887306,118.43093722597602,61.919192826123755,2.719664921047027e-08,3.784097107883966e-08,NA,NA,1.7763568394002505e-15,NA,False,0.002847342965605962,0.11149461023821579,0.16674041748046875,474.9453125,False,
3,0.5,game_ks,ok,True,0.03971902558519303,0.03434842669985012,3.4627331058079136e-08,0.03226458453600635,0.03383394345353763,0.9393322383568485,-13.548104493508802,True,0.07749919375521103,1.1032652622165313,118.43093722597604,61.79278188976061,3.14583967209181e-08,5.3102303998464606e-08,NA,NA,1.7763568394002505e-15,NA,False,0.0023704631480615046,0.11105835942331757,54.679038524627686,474.9453125,False,
3,0.5,bt_rm_utilitarian,ok,True,0.03971902558519303,0.03434842669985012,3.4627331058079136e-08,0.031696386526507865,0.033138855490471346,0.922790053922504,-13.631368623466365,True,0.08770279696131497,1.1129978559367182,28.91164221554193,61.94527969745436,0.7874828517482513,0.0,NA,NA,1.7763568394002505e-15,NA,False,0.06539806330624662,0.15691439948502778,0.0009639263153076172,474.9453125,False,
3,0.75,reference,ok,True,0.09177290633324325,0.0337658347687816,9.717651063001487e-08,0.0,0.0,0.0,undefined,False,0.04017780299827385,0.0,NA,0.0,NA,NA,NA,NA,NA,NA,NA,0.6435161608404656,0.7269484161589149,0.0,474.9453125,False,
3,0.75,exact_global_nash,ok,True,0.09177290633324325,0.0337658347687816,9.717651063001487e-08,0.03295449202755376,0.03515458860922902,0.9759714887316224,-13.39597150376779,True,0.07947580964094755,1.3983499168396634,NA,308.0788437157998,NA,NA,NA,NA,NA,NA,NA,0.09124978047165797,0.0,0.6532082557678223,474.9453125,False,
3,0.75,exact_proximal_nash,ok,True,0.09177290633324325,0.0337658347687816,9.717651063001487e-08,0.03212559656150836,0.03377732371883277,0.9514231406240922,-13.555067029119108,True,0.07668773607025897,1.1132560425973157,NA,61.55102695541108,NA,NA,NA,NA,NA,NA,NA,0.0,0.09124978047165797,4.120931625366211,474.9453125,False,
3,0.75,nbpo_direct,ok,True,0.09177290633324325,0.0337658347687816,9.717651063001487e-08,0.03212559672730535,0.03377732374925248,0.9514231455342917,-13.555067025379625,True,0.07668773653806915,1.1132560463367764,118.61262199448896,61.551092935251724,1.7483489755942827e-07,3.9474524207716577e-07,2.482646518919829e-10,2.48263631874579e-10,1.7763568394002505e-15,53,False,2.2541647331873833e-08,0.09124977857943639,5.880853176116943,474.9453125,False,
3,0.75,nbpo_rstep_legacy,ok,False,0.09177290633324325,0.0337658347687816,9.717651063001487e-08,0.0187113310345308,0.021715117191223064,0.5541498133441816,-15.358920869920784,True,0.12908631041608398,1.3074092941109083,112.98839977881798,74.32028655097777,0.9984883295430984,0.9984883296994547,0.016204366280536283,0.016204366280533122,2.6645352591003757e-15,1500,True,0.24032208146876047,0.28383708098558047,3.5157577991485596,474.9453125,False,projected_kkt 1.62e-02 >= 1e-06; inverse_surplus 1.62e-02 >= 1e-06 with no active box bound; inner_extra_map 9.98e-01 >= 1e-04
3,0.75,fixed_reference_nash,ok,True,0.09177290633324325,0.0337658347687816,9.717651063001487e-08,0.030354067135357855,0.031622022032389195,0.8989579953587252,-13.81853637415595,True,0.0958235572889572,1.1114472646422195,116.40049520734048,61.857543309372545,0.0,0.0,1.3877787807814457e-17,0.0,1.7763568394002505e-15,29,False,0.08350444306292838,0.15898534087187852,0.019137144088745117,474.9453125,False,
3,0.75,bt_rm_nash,ok,True,0.09177290633324325,0.0337658347687816,9.717651063001487e-08,0.030360976854141797,0.03162796199977884,0.8991626317561743,-13.817781499698885,True,0.09578627403849646,1.111677074737642,28.911642215541935,61.86376981703787,1.942890293094024e-16,0.0,1.3877787807814457e-16,0.0,1.5543122344752192e-15,33,False,0.08330867507664849,0.1587691823497181,0.020814180374145508,474.9453125,False,
3,0.75,game_utilitarian,ok,True,0.09177290633324325,0.0337658347687816,9.717651063001487e-08,0.03209238208662185,0.033785114825982655,0.9504394695520174,-13.554288833437845,True,0.07666519600414021,1.1141079419884536,118.61262199448896,61.66067726995415,2.9199396123225085e-08,6.986000444797469e-08,NA,NA,1.7763568394002505e-15,NA,False,0.002193307224056236,0.09099171645792267,0.13341355323791504,474.9453125,False,
3,0.75,game_ks,ok,True,0.09177290633324325,0.0337658347687816,9.717651063001487e-08,0.0320503643126297,0.03379735308724195,0.9491950823103016,-13.552856237313438,True,0.07661669252408768,1.1157612904282816,118.61262199448896,61.625880105119286,3.6592812335811686e-08,1.0296594993297603e-07,NA,NA,1.3322676295501878e-15,NA,False,0.004110207559635087,0.09036733374445542,64.78949022293091,474.9453125,False,
3,0.75,bt_rm_utilitarian,ok,True,0.09177290633324325,0.0337658347687816,9.717651063001487e-08,0.030257373399537924,0.03162431381513992,0.8960943393442342,-13.818560840444817,True,0.0958455970498139,1.1129978559367184,28.911642215541935,61.94527969745436,0.7874828517482513,0.0,NA,NA,1.3322676295501878e-15,NA,False,0.08384001239077259,0.15882911303140895,0.0009593963623046875,474.9453125,False,
3,1.0,reference,ok,True,0.17122327893027173,0.03348203731657434,5.8711103735620274e-08,0.0,0.0,0.0,undefined,False,0.040177802998273844,0.0,NA,0.0,NA,NA,NA,NA,NA,NA,NA,0.6482833184785726,0.7198037327143045,0.0,474.9453125,False,
3,1.0,exact_global_nash,ok,True,0.17122327893027173,0.03348203731657434,5.8711103735620274e-08,0.032845342962752606,0.03499797384417182,0.980984002024675,-13.413870700230209,True,0.07846577783879423,1.3720135475377766,NA,303.6683650147423,NA,NA,NA,NA,NA,NA,NA,0.0751891993373524,0.0,0.5299904346466064,474.9453125,False,
3,1.0,exact_proximal_nash,ok,True,0.17122327893027173,0.03348203731657434,5.8711103735620274e-08,0.032052032817963476,0.033786421446302506,0.957290397681297,-13.554173132037649,True,0.07590486777137473,1.1242325222552911,NA,61.26954669133075,NA,NA,NA,NA,NA,NA,NA,0.0,0.0751891993373524,2.8009231090545654,474.9453125,False,
3,1.0,nbpo_direct,ok,True,0.17122327893027173,0.03348203731657434,5.8711103735620274e-08,0.03205203218710296,0.033786421246279175,0.9572903788395367,-13.554173156440134,True,0.07590485663405974,1.1242324978533043,118.59168174142292,61.26954145662671,1.113771551985998e-06,8.745890935579759e-06,4.650319435084427e-10,4.6502890427291277e-10,1.3322676295501878e-15,46,False,4.6634294188702245e-08,0.07518922831322554,5.2976393699646,474.9453125,False,
3,1.0,nbpo_rstep_legacy,ok,False,0.17122327893027173,0.03348203731657434,5.8711103735620274e-08,-0.025287729003235823,-0.01806167369092924,-0.7552625535937099,undefined,False,0.24362928081747262,1.533858982243352,180.98980732503412,187.97963999495414,0.9999999864678629,0.9999999864678629,0.04716455215811201,0.04716455215810811,7.105427357601002e-15,1500,True,0.5213234433883868,0.5341391526938745,3.6569790840148926,474.9453125,False,projected_kkt 4.72e-02 >= 1e-06; inverse_surplus 4.72e-02 >= 1e-06 with no active box bound; inner_extra_map 1.00e+00 >= 1e-04
3,1.0,fixed_reference_nash,ok,True,0.17122327893027173,0.03348203731657434,5.8711103735620274e-08,0.028369838552428396,0.029543845820044774,0.8473151822928261,-14.090632618153684,True,0.10447756584175955,1.1114472646422195,116.40049520734048,61.85754330937255,0.0,0.0,1.3877787807814457e-17,0.0,1.3322676295501878e-15,29,False,0.09437112581699007,0.1550996954186283,0.019229412078857422,474.9453125,False,
3,1.0,bt_rm_nash,ok,True,0.17122327893027173,0.03348203731657434,5.8711103735620274e-08,0.028380721735220337,0.0295529084859562,0.8476402277101357,-14.089399143320236,True,0.1044284383166199,1.111677074737642,28.91164221554194,61.86376981703788,2.220446049250313e-16,0.0,1.1102230246251565e-16,0.0,1.7763568394002505e-15,34,False,0.09416364720834791,0.15488273987237383,0.021283864974975586,474.9453125,False,
3,1.0,game_utilitarian,ok,True,0.17122327893027173,0.03348203731657434,5.8711103735620274e-08,0.032024030718201035,0.033793326697125516,0.9564540656654856,-13.553480490446859,True,0.07588162733629135,1.1249887876103468,118.59168174142292,61.38616106826858,3.649506286063087e-08,2.749523263512188e-07,NA,NA,1.7763568394002505e-15,NA,False,0.0017432017402204507,0.07482660230546503,0.22059392929077148,474.9453125,False,
3,1.0,game_ks,ok,True,0.17122327893027173,0.03348203731657434,5.8711103735620274e-08,0.031973156290562015,0.03380630786329561,0.9549346113037931,-13.552021163326447,True,0.0757970913556479,1.1267614377819783,118.59168174142292,61.414370031211504,4.382218576903796e-08,4.1820035834305713e-07,NA,NA,1.3322676295501878e-15,NA,False,0.004036096438646016,0.07424139503493805,64.59411907196045,474.9453125,False,
3,1.0,bt_rm_utilitarian,ok,True,0.17122327893027173,0.03348203731657434,5.8711103735620274e-08,0.02825062863241328,0.029539108064790338,0.843754768125433,-14.091652215160268,True,0.10452926647826359,1.1129978559367182,28.91164221554194,61.945279697454374,0.7874828517482513,0.0,NA,NA,1.3322676295501878e-15,NA,False,0.09465442603423789,0.15501671775125608,0.000985860824584961,474.9453125,False,
4,0.0,reference,ok,True,0.00010314904320714667,0.03482793476456096,1.74797676333327e-13,0.0,0.0,0.0,undefined,False,0.04029928307743598,0.0,NA,0.0,NA,NA,NA,NA,NA,NA,NA,0.6292237870553794,0.7999999999959997,0.0,474.9453125,False,
4,0.0,exact_global_nash,ok,True,0.00010314904320714667,0.03482793476456096,1.74797676333327e-13,0.033445167821051586,0.03517510432761331,0.9602971880802876,-13.392264382878114,True,0.07540367696451354,1.6094379123195672,NA,329.3062495722864,NA,NA,NA,NA,NA,NA,NA,0.21319534294414022,0.0,1.9149739742279053,474.9453125,False,
4,0.0,exact_proximal_nash,ok,True,0.00010314904320714667,0.03482793476456096,1.74797676333327e-13,0.032229341901023875,0.03304490133492187,0.9253876843084801,-13.64081763418651,True,0.07322523162638062,1.0737675118534946,NA,64.03465584110536,NA,NA,NA,NA,NA,NA,NA,0.0,0.21319534294414022,3.2986626625061035,474.9453125,False,
4,0.0,nbpo_direct,ok,True,0.00010314904320714667,0.03482793476456096,1.74797676333327e-13,0.0322293421681315,0.03304490137765726,0.9253876919778302,-13.640817628865456,True,0.07322523163041253,1.073767517174527,121.12361621956302,64.03463943056353,2.8782531913407183e-14,3.3306690738754696e-16,1.5265566588595902e-16,0.0,1.7763568394002505e-15,35,False,4.9671311413268664e-08,0.2131953315357326,3.682969570159912,474.9453125,False,
4,0.0,nbpo_rstep_legacy,ok,False,0.00010314904320714667,0.03482793476456096,1.74797676333327e-13,0.031350349189150584,0.03215487083778937,0.9001495322958689,-13.749901890517794,True,0.07231063446078903,0.976140424940225,100.32061711616922,51.29101045336296,1.8455925676619245e-09,1.0648038006877414e-11,0.00806591369834201,0.008065913698338534,1.3322676295501878e-15,1500,True,0.03804957128325419,0.25071289716532,3.482719659805298,474.9453125,False,projected_kkt 8.07e-03 >= 1e-06; inverse_surplus 8.07e-03 >= 1e-06 with no active box bound
4,0.0,fixed_reference_nash,ok,True,0.00010314904320714667,0.03482793476456096,1.74797676333327e-13,0.03221859923407683,0.03305298623467587,0.925079234582142,-13.639862291613046,True,0.07324562738212792,1.0747724294473504,121.04663750317464,64.0614662382943,0.0,0.0,2.7755575615628914e-17,0.0,1.7763568394002505e-15,32,False,0.0028258441532849794,0.2129427081994401,0.021068334579467773,474.9453125,False,
4,0.0,bt_rm_nash,ok,True,0.00010314904320714667,0.03482793476456096,1.74797676333327e-13,0.03221564814107434,0.0330524804792255,0.9249945010766258,-13.63992634885404,True,0.0732447699137769,1.074705165410549,30.058042115183305,64.0808602226289,0.0,0.0,2.7755575615628914e-17,0.0,2.6645352591003757e-15,32,False,0.0027855891653447164,0.21300326851181337,0.02042531967163086,474.9453125,False,
4,0.0,game_utilitarian,ok,True,0.00010314904320714667,0.03482793476456096,1.74797676333327e-13,0.03217926567917716,0.033057785086966114,0.9239498665858606,-13.639425239814742,True,0.07324253829821016,1.0752466581162463,121.12361621956302,64.06885620705042,1.3140055821203589e-08,4.972200429165241e-11,NA,NA,1.7763568394002505e-15,NA,False,0.003704914951732237,0.21265801363140646,0.16088008880615234,474.9453125,False,
4,0.0,game_ks,ok,True,0.00010314904320714667,0.03482793476456096,1.74797676333327e-13,0.03206324662472769,0.033108214143963234,0.920618659747621,-13.633871791492489,True,0.0732844819527719,1.0838072519074198,121.12361621956305,64.20217346112959,1.2650844816164408e-08,6.100775440387451e-11,NA,NA,1.7763568394002505e-15,NA,False,0.022661576508592608,0.20679721006477134,54.23906350135803,474.9453125,False,
4,0.0,bt_rm_utilitarian,ok,True,0.00010314904320714667,0.03482793476456096,1.74797676333327e-13,0.03216421885503895,0.03306513600752179,0.923517833384928,-13.638563880043002,True,0.07326214186176189,1.0761831716810306,30.058042115183305,64.1155910181598,0.79733620596727,0.0,NA,NA,1.7763568394002505e-15,NA,False,0.005030759531526074,0.2125128463928368,0.0009577274322509766,474.9453125,False,
4,0.25,reference,ok,True,0.01020009914331249,0.033941432810603356,1.3776159976663926e-08,0.0,0.0,0.0,undefined,False,0.04029928307743597,0.0,NA,0.0,NA,NA,NA,NA,NA,NA,NA,0.6212943484383378,0.7523970765034054,0.0,474.9453125,False,
4,0.25,exact_global_nash,ok,True,0.01020009914331249,0.033941432810603356,1.3776159976663926e-08,0.03284936672699769,0.034391920730375225,0.9678249857718292,-13.481533296814163,True,0.08125558936254945,1.4643494717351164,NA,316.72126733298506,NA,NA,NA,NA,NA,NA,NA,0.15589127498950067,0.0,1.6940486431121826,474.9453125,False,
4,0.25,exact_proximal_nash,ok,True,0.01020009914331249,0.033941432810603356,1.3776159976663926e-08,0.031981659852963445,0.03265241143337202,0.9422601582975109,-13.68834549257955,True,0.0756384745029916,1.0560792362337428,NA,64.26191060356565,NA,NA,NA,NA,NA,NA,NA,0.0,0.15589127498950067,3.9819812774658203,474.9453125,False,
4,0.25,nbpo_direct,ok,True,0.01020009914331249,0.033941432810603356,1.3776159976663926e-08,0.03198165977290997,0.0326524114132652,0.942260155938934,-13.68834549522296,True,0.07563847425992892,1.0560792335903213,122.56343295474211,64.26190675809882,3.3376882369040572e-09,2.7129882784748816e-09,1.7818038711148176e-12,1.7834622667578515e-12,1.7763568394002505e-15,54,False,3.507827221250946e-08,0.1558912749332285,6.735309362411499,474.9453125,False,
4,0.25,nbpo_rstep_legacy,ok,False,0.01020009914331249,0.033941432810603356,1.3776159976663926e-08,0.031134502864280857,0.03180778953664243,0.9173007821447771,-13.793092786746552,True,0.07451283126001455,0.9627000967006051,100.78532125962279,51.0077019630324,1.4738803253422361e-05,9.90379470211522e-06,0.008160129956108056,0.00816012995611004,1.3322676295501878e-15,1500,True,0.035002025540005026,0.19062568142509012,3.502164363861084,474.9453125,False,projected_kkt 8.16e-03 >= 1e-06; inverse_surplus 8.16e-03 >= 1e-06 with no active box bound
4,0.25,fixed_reference_nash,ok,True,0.01020009914331249,0.033941432810603356,1.3776159976663926e-08,0.031770657458243215,0.03269025988850743,0.9360434969120695,-13.684254129322781,True,0.0783500605266773,1.0747724294473504,121.04663750317464,64.0614662382943,0.0,0.0,1.3877787807814457e-17,0.0,1.3322676295501878e-15,32,False,0.03755228881133032,0.15490749253667224,0.021012067794799805,474.9453125,False,
4,0.25,bt_rm_nash,ok,True,0.01020009914331249,0.033941432810603356,1.3776159976663926e-08,0.03176783851054549,0.0326899140877466,0.9359604436210237,-13.68430041744556,True,0.07835150006843122,1.074705165410549,30.058042115183312,64.08086022262891,0.0,0.0,1.1102230246251565e-16,0.0,1.7763568394002505e-15,31,False,0.037471963350796965,0.15492628633565791,0.019702911376953125,474.9453125,False,
4,0.25,game_utilitarian,ok,True,0.01020009914331249,0.033941432810603356,1.3776159976663926e-08,0.03196099089736654,0.03266068841551781,0.9416511988669457,-13.687439879636722,True,0.07569785775207725,1.0570407499386998,122.56343295474211,64.29037891358367,1.0204141032144065e-08,7.295466120105232e-09,NA,NA,1.7763568394002505e-15,NA,False,0.0026561599679997367,0.1552511431863594,0.22133803367614746,474.9453125,False,
4,0.25,game_ks,ok,True,0.01020009914331249,0.033941432810603356,1.3776159976663926e-08,0.03162541390894873,0.03272063835203644,0.9317642565480883,-13.680585747102484,True,0.0758465446378124,1.0672334696911978,122.5634329547421,64.47714429780218,1.5588491941720406e-08,5.409507813913805e-09,NA,NA,1.7763568394002505e-15,NA,False,0.021311460563137437,0.14740760096161964,59.416388750076294,474.9453125,False,
4,0.25,bt_rm_utilitarian,ok,True,0.01020009914331249,0.033941432810603356,1.3776159976663926e-08,0.03170903269608796,0.0326969740956215,0.9342278763842289,-13.68362542076125,True,0.07845463383853453,1.0761831716810306,30.058042115183312,64.11559101815982,0.79733620596727,0.0,NA,NA,2.220446049250313e-15,NA,False,0.0386063541503182,0.1543834083224168,0.0009465217590332031,474.9453125,False,
4,0.5,reference,ok,True,0.04111722027861979,0.03322826057592159,7.663258664442063e-08,0.0,0.0,0.0,undefined,False,0.04029928307743597,0.0,NA,0.0,NA,NA,NA,NA,NA,NA,NA,0.6193330733391014,0.7220661296089009,0.0,474.9453125,False,
4,0.5,exact_global_nash,ok,True,0.04111722027861979,0.03322826057592159,7.663258664442063e-08,0.03228796343511308,0.0338172728337559,0.9717018849463976,-13.548607742778044,True,0.0782126135173486,1.3818674631243255,NA,309.15371053368966,NA,NA,NA,NA,NA,NA,NA,0.11631213625328067,0.0,1.4870216846466064,474.9453125,False,
4,0.5,exact_proximal_nash,ok,True,0.04111722027861979,0.03322826057592159,7.663258664442063e-08,0.03158261361376738,0.032345378097599686,0.9504744776394733,-13.72585117017773,True,0.07525380535764564,1.0537962496094297,NA,64.27962218426319,NA,NA,NA,NA,NA,NA,NA,0.0,0.11631213625328067,3.1829659938812256,474.9453125,False,
4,0.5,nbpo_direct,ok,True,0.04111722027861979,0.03322826057592159,7.663258664442063e-08,0.031582613738383634,0.03234537812301768,0.9504744813897826,-13.72585116699712,True,0.07525380832079195,1.0537962527900882,123.70944934225393,64.27961807574486,5.090782277950012e-07,2.3234420601370154e-06,1.230218496517388e-10,1.2302336926950375e-10,1.3322676295501878e-15,62,False,2.9032508382682707e-08,0.1163121346303293,8.477136373519897,474.9453125,False,
4,0.5,nbpo_rstep_legacy,ok,False,0.04111722027861979,0.03322826057592159,7.663258664442063e-08,0.028327678703915574,0.029339940250415038,0.8525176525322797,-14.120203530846316,True,0.09776224186969706,1.1979259878912014,105.67856005687774,61.33813866709241,0.9953476781975283,0.9953476781400199,0.0097549180730633,0.009754918073063834,1.7763568394002505e-15,1500,True,0.1523039586900071,0.21185789794157966,3.6650798320770264,474.9453125,False,projected_kkt 9.75e-03 >= 1e-06; inverse_surplus 9.75e-03 >= 1e-06 with no active box bound; inner_extra_map 9.95e-01 >= 1e-04
4,0.5,fixed_reference_nash,ok,True,0.04111722027861979,0.03322826057592159,7.663258664442063e-08,0.030726480146026566,0.031638926166588525,0.924709256923671,-13.815291087181091,True,0.08761184923192769,1.0747724294473504,121.04663750317464,64.06146623829432,0.0,0.0,1.3877787807814457e-17,0.0,1.7763568394002505e-15,32,False,0.07865530744337779,0.16504185883046604,0.021963119506835938,474.9453125,False,
4,0.5,bt_rm_nash,ok,True,0.04111722027861979,0.03322826057592159,7.663258664442063e-08,0.030724138662980995,0.031639026128484564,0.9246387903086575,-13.815284245741973,True,0.0876056385286767,1.074705165410549,30.05804211518331,64.08086022262891,0.0,0.0,5.551115123125783e-17,0.0,1.7763568394002505e-15,32,False,0.07864242694950364,0.16510892276310166,0.020986080169677734,474.9453125,False,
4,0.5,game_utilitarian,ok,True,0.04111722027861979,0.03322826057592159,7.663258664442063e-08,0.03156631966980491,0.032350086050497065,0.9499841136035575,-13.725320045516355,True,0.07530155392299587,1.0543535118664789,123.70944934225393,64.30414356582948,2.3330387413644793e-08,2.827446171638215e-08,NA,NA,1.7763568394002505e-15,NA,False,0.00153101284904845,0.1159935598090717,0.19493889808654785,474.9453125,False,
4,0.5,game_ks,ok,True,0.04111722027861979,0.03322826057592159,7.663258664442063e-08,0.03136973712153606,0.032394622187597644,0.9440679884479934,-13.719942466770418,True,0.07527789798793758,1.0618612805437326,123.70944934225395,64.42063552158743,2.81775788257832e-08,6.312438838307344e-08,NA,NA,1.3322676295501878e-15,NA,False,0.013858677250207336,0.1115199717859278,67.65580034255981,474.9453125,False,
4,0.5,bt_rm_utilitarian,ok,True,0.04111722027861979,0.03322826057592159,7.663258664442063e-08,0.03064959164623294,0.03163315557071065,0.922395307939855,-13.816240755021749,True,0.08783572091335101,1.0761831716810306,30.05804211518331,64.11559101815982,0.79733620596727,0.0,NA,NA,1.7763568394002505e-15,NA,False,0.07954037666996487,0.1653699920645372,0.001039266586303711,474.9453125,False,
4,0.75,reference,ok,True,0.09499676255765285,0.032914255233954096,3.788842969920658e-08,0.0,0.0,0.0,undefined,False,0.04029928307743597,0.0,NA,0.0,NA,NA,NA,NA,NA,NA,NA,0.6243505635429338,0.7165108482884526,0.0,474.9453125,False,
4,0.75,exact_global_nash,ok,True,0.09499676255765285,0.032914255233954096,3.788842969920658e-08,0.0321092548329788,0.0335851366099222,0.9755424998909025,-13.576019817796062,True,0.07681633850135988,1.3569970791187023,NA,302.562525129777,NA,NA,NA,NA,NA,NA,NA,0.09683251816599905,0.0,0.9789078235626221,474.9453125,False,
4,0.75,exact_proximal_nash,ok,True,0.09499676255765285,0.032914255233954096,3.788842969920658e-08,0.03143519283801629,0.0322697859569061,0.955063166842918,-13.735117808394577,True,0.07406426362651862,1.064342615358448,NA,64.086886294875,NA,NA,NA,NA,NA,NA,NA,0.0,0.09683251816599905,4.331756591796875,474.9453125,False,
4,0.75,nbpo_direct,ok,True,0.09499676255765285,0.032914255233954096,3.788842969920658e-08,0.031435192753344554,0.0322697859142721,0.9550631642704237,-13.735117813687125,True,0.07406426413668014,1.0643426100659064,123.99361348302966,64.08688951216222,9.376053289322783e-08,5.256492316974004e-07,9.88667966939083e-11,9.886491625366034e-11,1.7763568394002505e-15,57,False,1.6456553683781067e-08,0.09683252254359993,6.436563491821289,474.9453125,False,
4,0.75,nbpo_rstep_legacy,ok,False,0.09499676255765285,0.032914255233954096,3.788842969920658e-08,0.017193979316650215,0.01912880506010004,0.5223870081347924,-15.834374084107983,True,0.13620864580176711,1.3627771818206256,120.89758261843726,100.29783021417546,0.9999979197636407,0.9999979197636407,0.016140133222363226,0.01614013322236474,1.7763568394002505e-15,1500,True,0.25242526092780626,0.27708070645389055,3.621492862701416,474.9453125,False,projected_kkt 1.61e-02 >= 1e-06; inverse_surplus 1.61e-02 >= 1e-06 with no active box bound; inner_extra_map 1.00e+00 >= 1e-04
4,0.75,fixed_reference_nash,ok,True,0.09499676255765285,0.032914255233954096,3.788842969920658e-08,0.028889146103138696,0.02990022951690248,0.8777092447571736,-14.04176000447009,True,0.09822034849427355,1.0747724294473504,121.04663750317465,64.06146623829432,0.0,0.0,2.0816681711721685e-17,0.0,1.7763568394002505e-15,32,False,0.10250334727059136,0.17411446618985288,0.021912574768066406,474.9453125,False,
4,0.75,bt_rm_nash,ok,True,0.09499676255765285,0.032914255233954096,3.788842969920658e-08,0.028887773388208887,0.029901086279062423,0.8776675389698163,-14.041654486864754,True,0.09820224160818186,1.074705165410549,30.05804211518331,64.08086022262893,0.0,0.0,8.326672684688674e-17,0.0,1.7763568394002505e-15,32,False,0.10251160147349006,0.17412578937081022,0.021131038665771484,474.9453125,False,
4,0.75,game_utilitarian,ok,True,0.09499676255765285,0.032914255233954096,3.788842969920658e-08,0.0314217591422872,0.03227375353924702,0.9546550246676326,-13.734656521124542,True,0.07409577094125236,1.0648194462508929,123.99361348302966,64.11153354054444,1.6102761568603796e-08,1.1633924201781554e-07,NA,NA,1.7763568394002505e-15,NA,False,0.001014865746124177,0.09658376824902168,0.13695240020751953,474.9453125,False,
4,0.75,game_ks,ok,True,0.09499676255765285,0.032914255233954096,3.788842969920658e-08,0.03128651180666364,0.03231168790312608,0.9505459438252369,-13.730060636081335,True,0.07399819237190362,1.0711652571240309,123.99361348302966,64.21281004152264,2.8360361059576178e-08,1.3070533910752857e-07,NA,NA,1.7763568394002505e-15,NA,False,0.010550232759327004,0.0930655062304953,67.65366625785828,474.9453125,False,
4,0.75,bt_rm_utilitarian,ok,True,0.09499676255765285,0.032914255233954096,3.788842969920658e-08,0.0288320207624098,0.029875033651757664,0.8759736642215409,-14.045389988566942,True,0.09847135698804005,1.0761831716810306,30.05804211518331,64.11559101815983,0.79733620596727,0.0,NA,NA,1.7763568394002505e-15,NA,False,0.1035282692569032,0.17464129015738697,0.000965118408203125,474.9453125,False,
4,1.0,reference,ok,True,0.17724570119100086,0.032710585578984284,7.664200037810209e-08,0.0,0.0,0.0,undefined,False,0.04029928307743597,0.0,NA,0.0,NA,NA,NA,NA,NA,NA,NA,0.630944699872145,0.7077172062566943,0.0,474.9453125,False,
4,1.0,exact_global_nash,ok,True,0.17724570119100086,0.032710585578984284,7.664200037810209e-08,0.03204688594374978,0.03344908400650077,0.979709943326086,-13.59212940373086,True,0.07565848608832287,1.3259185799571593,NA,298.0307640069717,NA,NA,NA,NA,NA,NA,NA,0.0789318690688438,0.0,0.5991554260253906,474.9453125,False,
4,1.0,exact_proximal_nash,ok,True,0.17724570119100086,0.032710585578984284,7.664200037810209e-08,0.03138285558201767,0.03226890606079348,0.9594097759650122,-13.735209832951844,True,0.07308542491325593,1.0754381380806008,NA,63.861532979902194,NA,NA,NA,NA,NA,NA,NA,0.0,0.0789318690688438,2.990347146987915,474.9453125,False,
4,1.0,nbpo_direct,ok,True,0.17724570119100086,0.032710585578984284,7.664200037810209e-08,0.03138285558572438,0.032268906043156756,0.9594097760783306,-13.735209835158773,True,0.0730854243533918,1.0754381358736713,123.99599995034792,63.861544837722676,5.096931859904785e-08,7.262731064328065e-07,1.27714713804572e-10,1.277129513255204e-10,1.7763568394002505e-15,63,False,1.5799112519380417e-08,0.07893187148144228,7.652459383010864,474.9453125,False,
4,1.0,nbpo_rstep_legacy,ok,False,0.17724570119100086,0.032710585578984284,7.664200037810209e-08,-0.007350717786191755,-0.0007120217783009518,-0.22471984698783268,undefined,False,0.18830006356064988,1.4495900396442045,160.27121205658244,175.39764056827923,0.9999999999998863,0.9999999999998863,0.031085282378802787,0.03108528237879682,7.105427357601002e-15,1500,True,0.3764826335310031,0.3914512967724128,3.6484172344207764,474.9453125,False,projected_kkt 3.11e-02 >= 1e-06; inverse_surplus 3.11e-02 >= 1e-06 with no active box bound; inner_extra_map 1.00e+00 >= 1e-04
4,1.0,fixed_reference_nash,ok,True,0.17724570119100086,0.032710585578984284,7.664200037810209e-08,0.026199192312807547,0.027482184651003737,0.8009392632102513,-14.379727138852395,True,0.10940048277376332,1.0747724294473502,121.04663750317464,64.06146623829432,0.0,0.0,2.0816681711721685e-17,0.0,1.7763568394002505e-15,32,False,0.1166742018739517,0.17231879389546206,0.021957874298095703,474.9453125,False,
4,1.0,bt_rm_nash,ok,True,0.17724570119100086,0.032710585578984284,7.664200037810209e-08,0.026198182351185977,0.027484112659281586,0.800908387528765,-14.379461636041544,True,0.10937598546427782,1.074705165410549,30.058042115183312,64.08086022262893,0.0,0.0,5.551115123125783e-17,0.0,1.7763568394002505e-15,32,False,0.11669142819279407,0.17232257521487132,0.020960330963134766,474.9453125,False,
4,1.0,game_utilitarian,ok,True,0.17724570119100086,0.032710585578984284,7.664200037810209e-08,0.031371219095388765,0.03227266885321225,0.9590540352644733,-13.734766249884245,True,0.07310523770535157,1.0758933388973615,123.99599995034792,63.88706027669313,2.9660028516564907e-08,2.551940742612224e-07,NA,NA,1.7763568394002505e-15,NA,False,0.000762936059364806,0.07870253952042525,0.13469219207763672,474.9453125,False,
4,1.0,game_ks,ok,True,0.17724570119100086,0.032710585578984284,7.664200037810209e-08,0.03126816508151997,0.032305748873600895,0.9559035562362103,-13.730771353755468,True,0.07299877363078561,1.0813321270788978,123.99599995034791,63.979669023789526,3.239234602769869e-08,1.7351048131608593e-07,NA,NA,1.3322676295501878e-15,NA,False,0.008366499890682104,0.0759391267121251,75.16036939620972,474.9453125,False,
4,1.0,bt_rm_utilitarian,ok,True,0.17724570119100086,0.032710585578984284,7.664200037810209e-08,0.026117744147221317,0.027430820630908674,0.7984492996665061,-14.387523646537456,True,0.10974083296017542,1.0761831716810306,30.058042115183312,64.11559101815983,0.79733620596727,0.0,NA,NA,1.7763568394002505e-15,NA,False,0.11750941561493704,0.17290974107119608,0.0009865760803222656,474.9453125,False,
