alpha,method,n_seeds,n_converged,n_used,expected_non_convergent,bt_deviance,rho_star,min_surplus_mean,min_surplus_std,normalized_min_surplus_mean,normalized_min_surplus_std,avg_surplus_mean,nash_welfare_mean,exploitability_mean,kl_from_reference_mean,raw_multiplier_l1_mean,tv_to_exact_proximal_mean,tv_to_exact_global_mean,max_projected_kkt,max_inner_fixed_point
0.0,reference,5,5,5,False,0.0001013209797324215,0.03497729547674787,0.0,0.0,0.0,0.0,0.0,,0.03938401606209003,0.0,,0.6437363143355138,0.7988783415004737,,
0.0,exact_global_nash,5,5,5,False,0.0001013209797324215,0.03497729547674787,0.0337581423956526,0.0017813089509123904,0.9650186159840594,0.00524239121602472,0.035553451285010494,-13.353588721008899,0.07540420110148831,1.605508371641791,,0.19401028330127681,0.0,,
0.0,exact_proximal_nash,5,5,5,False,0.0001013209797324215,0.03497729547674787,0.03228403395846431,0.0015968729650253106,0.922993632722871,0.0036176632123213963,0.03341580408303069,-13.600904558464048,0.07319716152896609,1.1062271867617064,,0.0,0.19401028330127681,,
0.0,nbpo_direct,5,5,5,False,0.0001013209797324215,0.03497729547674787,0.032284034042659025,0.0015968729814598264,0.9229936351303305,0.0036176678514912492,0.033415804095823606,-13.600904557052914,0.07319716152593121,1.1062271881728296,120.06366441936875,3.7341694078696355e-08,0.19401027803844023,0.0,1.478039912683471e-10
0.0,nbpo_rstep_legacy,5,0,5,True,0.0001013209797324215,0.03497729547674787,0.031433075074580666,0.0016743725604817397,0.8985281921725903,0.00465991917181282,0.032488949438047296,-13.714040545787137,0.07223809212944231,1.0048960554070714,99.94235762675109,0.03865643526182865,0.2322317072114118,0.008939950180447909,2.0754996610250487e-09
0.0,fixed_reference_nash,5,5,5,False,0.0001013209797324215,0.03497729547674787,0.03228251527770097,0.0015958863366295065,0.9229520118369623,0.003713294518047099,0.03342377079274471,-13.599967569322228,0.07321775750091108,1.1072202039242178,119.93522057759776,0.002842875511242076,0.19367116504004195,0.0,0.0
0.0,bt_rm_nash,5,5,5,False,0.0001013209797324215,0.03497729547674787,0.032281721286656045,0.0015972077390210015,0.9229276631709709,0.003657972042682467,0.033423879240120816,-13.599960930021254,0.07321724938322258,1.107224822617536,29.793729178799822,0.002793693202413318,0.1936187051032025,0.0,3.3306690738754696e-16
0.0,game_utilitarian,5,5,5,False,0.0001013209797324215,0.03497729547674787,0.03223188251239994,0.0016109110007745478,0.9214849424011333,0.004025780628993566,0.03342816435423841,-13.599659127889623,0.07321374562448116,1.1075971373771287,120.06366441936875,0.0042042392892157115,0.1933727526294187,,1.67702844944273e-08
0.0,game_ks,5,5,5,False,0.0001013209797324215,0.03497729547674787,0.03222537737131773,0.0015611502337783117,0.9213522745405929,0.004981384367546876,0.03338134264032469,-13.60553822794157,0.07316420737891566,1.1050950209983879,120.06366441936878,0.02252201995903031,0.19435359429147284,,2.4889304728326067e-08
0.0,bt_rm_utilitarian,5,5,5,False,0.0001013209797324215,0.03497729547674787,0.03222857481140666,0.0016117535138889837,0.9213899575668346,0.004073509328216918,0.03343612148673354,-13.598733003064762,0.07323375399929802,1.1086073664951523,29.793729178799822,0.005530846537500807,0.1930051749994539,,0.7979661460646195
0.25,reference,5,5,5,False,0.010003246922725438,0.03433831116429633,0.0,0.0,0.0,0.0,0.0,,0.039384016062090035,0.0,,0.6401279127147022,0.7616504325382649,,
0.25,exact_global_nash,5,5,5,False,0.010003246922725438,0.03433831116429633,0.03319146714712483,0.0016320659741308528,0.9665771836913303,0.007270423371189873,0.03494719949146745,-13.421824626013088,0.07969668203359075,1.4903837004465188,,0.14690609072321706,0.0,,
0.25,exact_proximal_nash,5,5,5,False,0.010003246922725438,0.03433831116429633,0.032077692248658383,0.0014910268768886044,0.934224790474613,0.005425939681726858,0.03315289983683724,-13.632334732896632,0.07480301475245518,1.096276651212521,,0.0,0.14690609072321706,,
0.25,nbpo_direct,5,5,5,False,0.010003246922725438,0.03433831116429633,0.03207769228455424,0.001491026827721963,0.9342247915631876,0.00542593716198404,0.03315289987305084,-13.632334728423364,0.0748030147815847,1.0962766556857684,121.00543460433178,3.410046226646398e-08,0.14690608983916387,1.1034728686354356e-11,1.5250010476641762e-08
0.25,nbpo_rstep_legacy,5,0,5,True,0.010003246922725438,0.03433831116429633,0.03125210798879523,0.0015788263165421802,0.9100390599273345,0.0054358910761068005,0.03226244320379204,-13.741884900231138,0.0737990036927687,0.998418913755953,100.24477654551124,0.035707276951778916,0.1823150449684721,0.008935575377471139,1.4738803253422361e-05
0.25,fixed_reference_nash,5,5,5,False,0.010003246922725438,0.03433831116429633,0.03199156470224589,0.001556322115289659,0.9316326020350301,0.0038442174848073067,0.03315371169723131,-13.632628443891264,0.07711959273334942,1.107220203924218,119.93522057759776,0.030833649835296274,0.14842181785990036,0.0,0.0
0.25,bt_rm_nash,5,5,5,False,0.010003246922725438,0.03433831116429633,0.03199058728240635,0.0015574655442404464,0.9316026563434704,0.0037880795298374957,0.03315369985380469,-13.632635735459612,0.07712243429928797,1.107224822617536,29.79372917879983,0.030815460054475267,0.14839606679054756,0.0,3.3306690738754696e-16
0.25,game_utilitarian,5,5,5,False,0.010003246922725438,0.03433831116429633,0.03203951627684207,0.0014967359905061278,0.9331062698265219,0.005746454319678662,0.033162000437622075,-13.631421410800254,0.0748479293678812,1.0972861140875074,121.00543460433178,0.003350947168796075,0.14656607110561506,,2.8317055589255347e-08
0.25,game_ks,5,5,5,False,0.010003246922725438,0.03433831116429633,0.031906565310046,0.001515608927761511,0.9291962265789835,0.004978730546172137,0.03315009085322483,-13.633328768368566,0.07496477402135035,1.0982313432479618,121.00543460433178,0.017924947082048344,0.14650171662118178,,3.516438507045194e-08
0.25,bt_rm_utilitarian,5,5,5,False,0.010003246922725438,0.03433831116429633,0.03193456645664152,0.0015717935462868215,0.929953444185928,0.004237742079523212,0.03316257831965042,-13.63181771847141,0.07718822823402803,1.1086073664951523,29.79372917879983,0.031838747529276054,0.14810730691815424,,0.7979661460646195
0.5,reference,5,5,5,False,0.04030343284045837,0.03373118477472668,0.0,0.0,0.0,0.0,0.0,,0.039384016062090035,0.0,,0.6415074372859151,0.7382000474650574,,
0.5,exact_global_nash,5,5,5,False,0.04030343284045837,0.03373118477472668,0.032927877688823784,0.0014864435121066835,0.9762348836137026,0.0067359150952389715,0.034518845539693935,-13.470555257927924,0.07810950239929074,1.4239091786064928,,0.10977576499247874,0.0,,
0.5,exact_proximal_nash,5,5,5,False,0.04030343284045837,0.03373118477472668,0.03185183168430962,0.0014600532800560621,0.9442945133717409,0.00473073354291473,0.032977000840858556,-13.653447077754185,0.07466472038630141,1.0993590458931233,,0.0,0.10977576499247874,,
0.5,nbpo_direct,5,5,5,False,0.04030343284045837,0.03373118477472668,0.03185183166910148,0.0014600532295161292,0.944294512989843,0.00473073679779106,0.032977000831447195,-13.653447078548727,0.07466472088579508,1.0993590450985882,121.6405110713165,2.724847864134687e-08,0.10977576555000992,1.418172246303584e-10,5.090782277950012e-07
0.5,nbpo_rstep_legacy,5,0,5,True,0.04030343284045837,0.03373118477472668,0.02824392594560767,0.0017943876423759557,0.8371046851571518,0.028142073478592627,0.029963884719049518,-14.04110739452771,0.09400089622312031,1.1720566499304252,103.68423178495762,0.14001085464656235,0.21920083742461927,0.011239618142525387,0.9987139962759993
0.5,fixed_reference_nash,5,5,5,False,0.04030343284045837,0.03373118477472668,0.031211360668509235,0.0015013586630029997,0.925219190972286,0.003126046756742549,0.03235132222001586,-13.730995707628463,0.0846412892559774,1.107220203924218,119.93522057759776,0.062931909363476,0.1524413855452675,0.0,0.0
0.5,bt_rm_nash,5,5,5,False,0.04030343284045837,0.03373118477472668,0.031210052389421723,0.0015018955403200984,0.9251796316060927,0.00309284906663387,0.03235091448137352,-13.731049369585907,0.08464567480375237,1.1072248226175359,29.793729178799822,0.06293964188509449,0.1524459566169803,0.0,3.3306690738754696e-16
0.5,game_utilitarian,5,5,5,False,0.04030343284045837,0.03373118477472668,0.03182601582717914,0.0014582278928440835,0.9435310606141234,0.004970335026658795,0.03298420350729894,-13.652706549709725,0.074686124409367,1.1001678216142547,121.6405110713165,0.0023313175031088027,0.10953128633863254,,4.573821343889506e-08
0.5,game_ks,5,5,5,False,0.04030343284045837,0.03373118477472668,0.03171531582387861,0.0014910550593230944,0.9401959909799495,0.0027629876878234737,0.03299091518585329,-13.652269281960205,0.07483400287662045,1.1024403779859873,121.64051107131652,0.011092855826894534,0.10845888515970319,,5.287406845688736e-08
0.5,bt_rm_utilitarian,5,5,5,False,0.04030343284045837,0.03373118477472668,0.03114729166241136,0.001516899293794794,0.9233006483268357,0.0036730748752875817,0.03235194430348927,-13.731204551860523,0.08475071435178458,1.1086073664951521,29.793729178799822,0.06368248410221762,0.15257928803956652,,0.7979661460646195
0.75,reference,5,5,5,False,0.09311392500439959,0.033385597705836365,0.0,0.0,0.0,0.0,0.0,,0.039384016062090035,0.0,,0.6457902624526919,0.728848376658404,,
0.75,exact_global_nash,5,5,5,False,0.09311392500439959,0.033385597705836365,0.03274053381293832,0.001466437265080767,0.9807071526778307,0.005222954778785459,0.034313586183015644,-13.494405802355004,0.07716569316386122,1.3927482450866435,,0.08936761632035754,0.0,,
0.75,exact_proximal_nash,5,5,5,False,0.09311392500439959,0.033385597705836365,0.031760739358443854,0.0014729022350985566,0.9512935696019152,0.003611969269897814,0.03294779455622586,-13.656951398958864,0.073933094818849,1.1097405631930057,,0.0,0.08936761632035754,,
0.75,nbpo_direct,5,5,5,False,0.09311392500439959,0.033385597705836365,0.03176073942357899,0.0014729022465527193,0.9512935715433695,0.0036119686337751367,0.03294779458807999,-13.656951394776097,0.07393309525793572,1.1097405673757572,121.74593142022039,2.3731884457289063e-08,0.08936761802223481,3.292228711870848e-10,2.1987706699810872e-07
0.75,nbpo_rstep_legacy,5,0,5,True,0.09311392500439959,0.033385597705836365,0.0167080374284759,0.0032866615857898235,0.49947977906468105,0.09301501516686318,0.020319360285406853,-15.661892568383454,0.1302998060646353,1.3276546141732761,117.42466259138965,0.24239277860282696,0.2830756646309328,0.01987699499034079,0.9999998800777389
0.75,fixed_reference_nash,5,5,5,False,0.09311392500439959,0.033385597705836365,0.029910724095955382,0.0014949782460756357,0.8958166056283758,0.012290139196318037,0.031018436472400112,-13.900117826409325,0.09311436739094756,1.107220203924218,119.93522057759779,0.08159861003335947,0.15128952918498006,0.0,0.0
0.75,bt_rm_nash,5,5,5,False,0.09311392500439959,0.033385597705836365,0.029909016630434465,0.0014941485828592054,0.895765894778996,0.012256842280139749,0.03101736701157226,-13.900252313742428,0.09311815068067891,1.1072248226175359,29.793729178799822,0.08163491745085202,0.1512912711568691,0.0,4.440892098500626e-16
0.75,game_utilitarian,5,5,5,False,0.09311392500439959,0.033385597705836365,0.03173981366532137,0.001471878740278863,0.9506674216205597,0.0037283115218106878,0.03295440868747888,-13.656252115883802,0.07395047117203428,1.1104934270319569,121.74593142022039,0.0017382324223328646,0.0891223410359796,,3.606824672264253e-08
0.75,game_ks,5,5,5,False,0.09311392500439959,0.033385597705836365,0.03165585829155075,0.0014791451387213092,0.9481351846002879,0.002454628681643082,0.0329688117232823,-13.654819413380574,0.07401272339045,1.113328774852216,121.74593142022039,0.008639029000684048,0.08809518148385027,,4.152437693694111e-08
0.75,bt_rm_utilitarian,5,5,5,False,0.09311392500439959,0.033385597705836365,0.0298445875331384,0.0015051037898467794,0.8938203764452803,0.012265419176002138,0.031006022238081084,-13.90204480979782,0.09325750254580285,1.1086073664951523,29.793729178799822,0.08222574572083093,0.151471953920727,,0.7979661460646195
1.0,reference,5,5,5,False,0.17373715159643638,0.0331728981599886,0.0,0.0,0.0,0.0,0.0,,0.039384016062090035,0.0,,0.6505075097761274,0.7213302519900611,,
1.0,exact_global_nash,5,5,5,False,0.17373715159643638,0.0331728981599886,0.03264371461018746,0.0014782644197447491,0.9840563535499367,0.004223704346015351,0.034184193158061385,-13.509507142500757,0.07637828877255395,1.3685748665383026,,0.07417068551430203,0.0,,
1.0,exact_proximal_nash,5,5,5,False,0.17373715159643638,0.0331728981599886,0.03173086634480422,0.0014835585417972462,0.9564813135028821,0.0035961694096841535,0.03296052732468553,-13.655397546766366,0.0732702562157712,1.1195842198140507,,0.0,0.07417068551430203,,
1.0,nbpo_direct,5,5,5,False,0.17373715159643638,0.0331728981599886,0.03173086626874573,0.0014835585105826936,0.9564813112521,0.003596169458057609,0.032960527303440915,-13.655397549189342,0.07327025341702376,1.1195842173911856,121.69848678661154,2.6935748431178442e-08,0.07417069082085434,4.6502890427291277e-10,1.113771551985998e-06
1.0,nbpo_rstep_legacy,5,0,5,True,0.17373715159643638,0.0331728981599886,-0.02264587783846219,0.01018501446709244,-0.6880324044191738,0.3261836478899063,-0.014586734668469135,,0.21716176594799336,1.4993582369076761,179.19045705719154,0.4796596958946752,0.48928464921348647,0.0518769707158242,1.0
1.0,fixed_reference_nash,5,5,5,False,0.17373715159643638,0.0331728981599886,0.028040318292692785,0.001735700409881948,0.845075648386557,0.02938284295521578,0.029163072999714067,-14.148812203144104,0.10213173631702417,1.107220203924218,119.93522057759776,0.09288399340758391,0.14859192703316407,0.0,0.0
1.0,bt_rm_nash,5,5,5,False,0.17373715159643638,0.0331728981599886,0.028038248308058733,0.0017326136830824272,0.8450155834014943,0.02931480733448155,0.029161082087410528,-14.14906694329241,0.10213845616753969,1.107224822617536,29.79372917879983,0.09292253206753062,0.14860051080774245,0.0,4.440892098500626e-16
1.0,game_utilitarian,5,5,5,False,0.17373715159643638,0.0331728981599886,0.03171293371567905,0.001482790859821748,0.9559411620555845,0.0036901773017245167,0.03296657335547153,-13.654749747389925,0.07328486842069862,1.1202769967865058,121.69848678661154,0.0013825470827831536,0.07392434414917773,,3.649506286063087e-08
1.0,game_ks,5,5,5,False,0.17373715159643638,0.0331728981599886,0.03164768983038657,0.0014788688615856413,0.9539714640286932,0.002566416074321256,0.03298292261574544,-13.653017131867145,0.07332342764729452,1.123056441284275,121.69848678661154,0.006800411945805221,0.07302631471694446,,4.382218576903796e-08
1.0,bt_rm_utilitarian,5,5,5,False,0.17373715159643638,0.0331728981599886,0.027964997257855874,0.0017405285534929677,0.8427974529474465,0.029462847589045178,0.029132917349310266,-14.15333627349157,0.10231945396356586,1.1086073664951521,29.79372917879983,0.09339402189734712,0.1487722358370754,,0.7979661460646195
