rho,seed,method,worst_case,robust_gap,avg_ref,entropy,kl_to_ref,robust_opt_value
0.0,0,SPPO-avg,0.20141943007323493,0.12261098860034342,0.5539975637060595,1.4194935326923706,1.0654131170956789,0.32403041867357835
0.0,0,INPO-avg,0.2925859573740525,0.03144446129952583,0.5217328518826281,2.280026302113263,0.20488034767473762,0.32403041867357835
0.0,0,MNPO-hist-avg,0.3257679483365622,-0.00173752966298385,0.5112277044021003,2.451335209926083,0.033571439861917726,0.32403041867357835
0.0,0,HT-MNPO-mix,0.28949386835176566,0.03453655032181269,0.5217046586385589,2.2734970390212283,0.21140961076677206,0.32403041867357835
0.0,0,RONPO,0.37408370690416143,-0.05005328823058308,0.5110791564164476,2.4139285532785113,0.07097809650948927,0.32403041867357835
0.0,1,SPPO-avg,0.10581708270249993,0.13821766602003657,0.5353298797891809,1.3944752298831378,1.0904314199059357,0.2440347487225365
0.0,1,INPO-avg,0.2561458588253944,-0.012111110102857925,0.5287897122255837,2.223551533856648,0.26135511593135197,0.2440347487225365
0.0,1,MNPO-hist-avg,0.24319500407774836,0.0008397446447881429,0.5129715574143401,2.4465792044945567,0.03832744529344373,0.2440347487225365
0.0,1,HT-MNPO-mix,0.25649241457110733,-0.012457665848570831,0.5294424421108804,2.206914661273821,0.2779919885141796,0.2440347487225365
0.0,1,RONPO,0.30892740860915324,-0.06489265988661674,0.5110534909536912,2.31089447325893,0.17401217652907042,0.2440347487225365
0.0,2,SPPO-avg,0.025617585215354212,0.26809892258201673,0.5379065146244131,0.666367476800144,1.8185391729882276,0.29371650779737096
0.0,2,INPO-avg,0.2620890338824206,0.031627473914950355,0.5259478771757701,2.221795952041774,0.2631106977462263,0.29371650779737096
0.0,2,MNPO-hist-avg,0.26002412055312674,0.033692387244244226,0.5138446499861946,2.443528921581623,0.041377728206376654,0.29371650779737096
0.0,2,HT-MNPO-mix,0.25679079125929244,0.036925716538078523,0.526493057011018,2.2051407621736425,0.2797658876143579,0.29371650779737096
0.0,2,RONPO,0.337722668390959,-0.04400616059358803,0.5000385529432169,2.425004876545334,0.05990177324266582,0.29371650779737096
0.0,3,SPPO-avg,0.04458343055229295,0.2142045044958956,0.5337537549140032,1.466846300085734,1.018060349702266,0.25878793504818853
0.0,3,INPO-avg,0.21146540054297872,0.04732253450520982,0.5110465793990556,2.374861678242934,0.11004497154506625,0.25878793504818853
0.0,3,MNPO-hist-avg,0.22273570074204252,0.036052234306146014,0.5055819427299355,2.467558474894196,0.017348174893804975,0.25878793504818853
0.0,3,HT-MNPO-mix,0.21167522386139853,0.04711271118679,0.5112655824922767,2.3673925353729106,0.11751411441508952,0.25878793504818853
0.0,3,RONPO,0.2601328901419455,-0.0013449550937569832,0.5075755742250843,2.336672138820615,0.14823451096738535,0.25878793504818853
0.0,4,SPPO-avg,0.09459666222540802,0.20771219620070785,0.5485467429442721,1.0823036762550662,1.4026029735339958,0.3023088584261159
0.0,4,INPO-avg,0.24185138506122275,0.06045747336489313,0.5212735982485956,2.289946498820607,0.1949601509673932,0.3023088584261159
0.0,4,MNPO-hist-avg,0.29641097940687294,0.005897879019242935,0.5083591648448305,2.4601572721184275,0.02474937766957231,0.3023088584261159
0.0,4,HT-MNPO-mix,0.23986203515755616,0.062446823268559715,0.5215298978520166,2.283771628074122,0.2011350217138785,0.3023088584261159
0.0,4,RONPO,0.33575583222253963,-0.03344697379642375,0.5061866985581954,2.439240679263647,0.04566597052435336,0.3023088584261159
0.0,5,SPPO-avg,0.08594233137493788,0.25826428138799096,0.5737016731972762,0.6903970045038088,1.794509645285498,0.34420661276292885
0.0,5,INPO-avg,0.2595291518803449,0.08467746088258393,0.5355125142879673,2.108135109137744,0.3767715406502562,0.34420661276292885
0.0,5,MNPO-hist-avg,0.3299303160866026,0.014276296676326239,0.5122600965484485,2.4476384921614764,0.03726815762652428,0.34420661276292885
0.0,5,HT-MNPO-mix,0.24935376754358804,0.09485284521934081,0.5366304939544378,2.07671025255403,0.4081963972339701,0.34420661276292885
0.0,5,RONPO,0.37449067516233714,-0.030284062399408285,0.512584180465746,2.4055587381612833,0.07934791162671673,0.34420661276292885
0.0,6,SPPO-avg,0.11234300674763018,0.17779919102758798,0.49987825530505087,1.5123845286126365,0.9725221211753639,0.29014219777521816
0.0,6,INPO-avg,0.2716077989891262,0.018534398786091977,0.5158935230416206,2.330396000859823,0.15451064892817706,0.29014219777521816
0.0,6,MNPO-hist-avg,0.29051902740126845,-0.00037682962605029013,0.5081271749741716,2.4597729146947005,0.025133735093300323,0.29014219777521816
0.0,6,HT-MNPO-mix,0.2673163403623547,0.02282585741286347,0.5158368228099235,2.3271981312244012,0.1577085185635992,0.29014219777521816
0.0,6,RONPO,0.360540687719436,-0.07039848994421782,0.5107516562330825,2.3149763811022157,0.16993026868578393,0.29014219777521816
0.0,7,SPPO-avg,0.17212553677663495,0.06514883238648711,0.522116071580469,1.5924045983646327,0.8925020514237065,0.23727436916312206
0.0,7,INPO-avg,0.23680226632908374,0.00047210283403831266,0.5187991844345781,2.332878017368975,0.15202863241902492,0.23727436916312206
0.0,7,MNPO-hist-avg,0.23545552422249222,0.001818844940629838,0.5091179165823384,2.4585694624961096,0.02633718729189056,0.23727436916312206
0.0,7,HT-MNPO-mix,0.23661648573366206,0.0006578834294599933,0.5188958993455886,2.3302281564250817,0.1546784933629189,0.23727436916312206
0.0,7,RONPO,0.29187036968680447,-0.05459600052368241,0.5106137022122169,2.3307139393049683,0.1541927104830324,0.23727436916312206
0.0,8,SPPO-avg,0.10168980664257225,0.20708840264342593,0.4825477903663712,1.9343016474009442,0.5506050023871787,0.3087782092859982
0.0,8,INPO-avg,0.23737651357730088,0.07140169570869731,0.5170476381773546,2.3320501560163285,0.1528564937716718,0.3087782092859982
0.0,8,MNPO-hist-avg,0.28920961619825514,0.019568593087743058,0.5104586626552259,2.4537634832508273,0.031143166537173108,0.3087782092859982
0.0,8,HT-MNPO-mix,0.2355951250792735,0.0731830842067247,0.5168902209292565,2.331099387129723,0.15380726265827668,0.3087782092859982
0.0,8,RONPO,0.3269102119544542,-0.018132002668455993,0.5152429361661278,2.3524887520309803,0.13241789775702034,0.3087782092859982
0.0,9,SPPO-avg,0.09792261583207187,0.21791388063544406,0.5532811434096828,1.2987343303651062,1.186172319423682,0.31583649646751594
0.0,9,INPO-avg,0.29936384342432093,0.016472653043195007,0.5418503263292019,2.1009011156340507,0.3840055341539494,0.31583649646751594
0.0,9,MNPO-hist-avg,0.25764850685294993,0.058187989614566005,0.5198324443097805,2.4235315573955862,0.06137509239241424,0.31583649646751594
0.0,9,HT-MNPO-mix,0.29931809875880344,0.016518397708712496,0.5418831948606899,2.092758667938543,0.3921479818494574,0.31583649646751594
0.0,9,RONPO,0.33900684433336553,-0.023170347865849594,0.52598705472048,2.29504236984889,0.1898642799391098,0.31583649646751594
0.25,0,SPPO-avg,0.15736265334774624,0.10979643607255474,0.5398954880881099,1.3795173043801685,1.1053893454083594,0.267159089420301
0.25,0,INPO-avg,0.30698558193405356,-0.03982649251375259,0.523326312531248,2.2768565349933336,0.20805011479466665,0.267159089420301
0.25,0,MNPO-hist-avg,0.26568634198139035,0.0014727474389106265,0.5119982678204236,2.4493687413486365,0.03553790843936424,0.267159089420301
0.25,0,HT-MNPO-mix,0.30508605607605643,-0.037926966655755456,0.5233121910326193,2.2734768493231936,0.21142980046480692,0.267159089420301
0.25,0,RONPO,0.36649215552990866,-0.09933306610960768,0.5132242761221134,2.3505043538306847,0.13440229595731631,0.267159089420301
0.25,1,SPPO-avg,0.11686999008126098,0.16231122777158574,0.5382861942197712,0.7543941392741296,1.730512510514872,0.2791812178528467
0.25,1,INPO-avg,0.2492693580563116,0.02991185979653513,0.5341251608153001,2.160252786955381,0.32465386283261927,0.2791812178528467
0.25,1,MNPO-hist-avg,0.24651115692297196,0.03267006092987476,0.5130554256580403,2.4449938177130144,0.039912832074986235,0.2791812178528467
0.25,1,HT-MNPO-mix,0.24743439490214206,0.03174682295070466,0.5349536727950046,2.144668867794005,0.34023778199399507,0.2791812178528467
0.25,1,RONPO,0.3344959748421785,-0.055314756989331804,0.5127673430864026,2.3127645902104303,0.17214205957757028,0.2791812178528467
0.25,2,SPPO-avg,0.09740631718738081,0.17021649684769036,0.5696882506195537,0.8524802615764875,1.6324263882120171,0.26762281403507115
0.25,2,INPO-avg,0.20721586187904292,0.06040695215602823,0.5340413330071788,2.1768427098344576,0.30806393995354314,0.26762281403507115
0.25,2,MNPO-hist-avg,0.21468086950314919,0.05294194453192197,0.5208794778506833,2.423885333456342,0.06102131633165922,0.26762281403507115
0.25,2,HT-MNPO-mix,0.20791908794762032,0.05970372608745084,0.5341956682428013,2.1645522036320726,0.3203544461559273,0.26762281403507115
0.25,2,RONPO,0.28095326914283103,-0.013330455107759875,0.5145127678696614,2.367028144190503,0.11787850559749743,0.26762281403507115
0.25,3,SPPO-avg,0.1800574021525434,0.1659529929556654,0.5082063361013022,1.6683004064874314,0.8166062433005689,0.3460103951082088
0.25,3,INPO-avg,0.309131314648879,0.036879080459329805,0.5125382368215783,2.361156341123591,0.12375030866440974,0.3460103951082088
0.25,3,MNPO-hist-avg,0.2962983791442175,0.049712015963991274,0.5054162703063527,2.4685650957361274,0.016341554051873628,0.3460103951082088
0.25,3,HT-MNPO-mix,0.3099094030710153,0.036100992037193524,0.5128378151403893,2.3546936012053585,0.13021304858264215,0.3460103951082088
0.25,3,RONPO,0.33161842566612454,0.014391969442084263,0.5070902215540719,2.4031062113690695,0.08180043841893099,0.3460103951082088
0.25,4,SPPO-avg,0.13384364373403493,0.15400815636655177,0.5439286173022214,1.3322796052111021,1.1526270445774254,0.2878518001005867
0.25,4,INPO-avg,0.3092669410560092,-0.021415140955422518,0.525626631819865,2.2594783848678652,0.2254282649201352,0.2878518001005867
0.25,4,MNPO-hist-avg,0.3141923469192568,-0.026340546818670096,0.5112549400901611,2.451102968900148,0.033803680887851545,0.2878518001005867
0.25,4,HT-MNPO-mix,0.30708533343538635,-0.019233533334799657,0.5261154151844754,2.2501848234409625,0.23472182634703845,0.2878518001005867
0.25,4,RONPO,0.3486734085915087,-0.060821608490922,0.517448972245617,2.330406485103103,0.15450016468489727,0.2878518001005867
0.25,5,SPPO-avg,0.09242628238256315,0.18430967610980667,0.6087335045061708,0.620934237576018,1.8639724122138683,0.2767359584923698
0.25,5,INPO-avg,0.3014333121684766,-0.02469735367610676,0.5466160568867663,2.0580431542196367,0.4268634955683638,0.2767359584923698
0.25,5,MNPO-hist-avg,0.30303797599893567,-0.026302017506565856,0.518448047482601,2.4276853634820923,0.05722128630590782,0.2767359584923698
0.25,5,HT-MNPO-mix,0.3023498789713851,-0.025613920479015284,0.5481611162521232,2.0297202326339545,0.4551864171540455,0.2767359584923698
0.25,5,RONPO,0.3461756104680668,-0.06943965197569696,0.525106788070581,2.279634792556793,0.2052718572312077,0.2767359584923698
0.25,6,SPPO-avg,0.16395578094030067,0.04562922470888023,0.5317463883578949,1.4276163327622404,1.0572903170260393,0.2095850056491809
0.25,6,INPO-avg,0.2521045965846774,-0.04251959093549648,0.5309897538459649,2.2037239054375704,0.28118274435043017,0.2095850056491809
0.25,6,MNPO-hist-avg,0.28117251432449963,-0.07158750867531874,0.5133662517052497,2.4449031063588267,0.04000354342917362,0.2095850056491809
0.25,6,HT-MNPO-mix,0.24713109686271162,-0.037546091213530725,0.5317478147668858,2.1873099343282436,0.29759671545975624,0.2095850056491809
0.25,6,RONPO,0.3232036917364939,-0.11361868608731299,0.5115867353044978,2.4093760893850527,0.07553056040294756,0.2095850056491809
0.25,7,SPPO-avg,0.11811600182998445,0.2109914521445817,0.5387448666105031,1.6706166791090364,0.8142899706789644,0.32910745397456614
0.25,7,INPO-avg,0.23942035905625503,0.08968709491831112,0.5144708245169927,2.3534652844445993,0.1314413653434011,0.32910745397456614
0.25,7,MNPO-hist-avg,0.2545682188821148,0.07453923509245136,0.5084779513703269,2.4594279888287125,0.02547866095928745,0.32910745397456614
0.25,7,HT-MNPO-mix,0.23626351482138663,0.09284393915317951,0.5145158119706983,2.350582411326984,0.13432423846101613,0.32910745397456614
0.25,7,RONPO,0.3386325573255366,-0.009525103350970454,0.5040216507897458,2.3874657819794387,0.09744086780856204,0.32910745397456614
0.25,8,SPPO-avg,0.13506375567780832,0.09458730598965623,0.4998463984081942,1.6509809647997105,0.8339256849889999,0.22965106166746455
0.25,8,INPO-avg,0.20157730575719277,0.02807375591027178,0.5434311486931573,2.102469312549699,0.3824373372383014,0.22965106166746455
0.25,8,MNPO-hist-avg,0.24102984968202734,-0.011378788014562796,0.5243833048715961,2.409257072249624,0.07564957753837649,0.22965106166746455
0.25,8,HT-MNPO-mix,0.19673528092230724,0.0329157807451573,0.5430888305061613,2.09607113649958,0.38883551328842014,0.22965106166746455
0.25,8,RONPO,0.30531212663201446,-0.07566106496454991,0.5173589962995603,2.258371233370763,0.22653541641723732,0.22965106166746455
0.25,9,SPPO-avg,0.1868927506522129,0.112129112460301,0.5026469645580669,1.3861612728248274,1.098745376963173,0.2990218631125139
0.25,9,INPO-avg,0.2741382012040766,0.02488366190843727,0.5295901387294778,2.2123379261121587,0.2725687236758416,0.2990218631125139
0.25,9,MNPO-hist-avg,0.3120634300208888,-0.013041566908374935,0.5143603586080134,2.442715921242211,0.04219072854578939,0.2990218631125139
0.25,9,HT-MNPO-mix,0.2696403052960507,0.029381557816463177,0.5303728165844592,2.195933523761101,0.28897312602689923,0.2990218631125139
0.25,9,RONPO,0.35035106286989337,-0.051329199757379484,0.5120863472685434,2.3579646313307268,0.12694201845727374,0.2990218631125139
0.5,0,SPPO-avg,0.16890662194605627,0.1145260898419333,0.5476735680056563,1.2360327304541472,1.2488739193348266,0.28343271178798957
0.5,0,INPO-avg,0.26554007869043816,0.017892633097551403,0.5472688065561236,2.0848368022367425,0.40006984755125796,0.28343271178798957
0.5,0,MNPO-hist-avg,0.22862673303011077,0.05480597875787879,0.525570972457472,2.4117533829550855,0.07315326683291469,0.28343271178798957
0.5,0,HT-MNPO-mix,0.26377441852675493,0.01965829326123464,0.5471972315855924,2.0750592651330058,0.4098473846549946,0.28343271178798957
0.5,0,RONPO,0.2835536757412347,-0.00012096395324512343,0.5327470710490154,2.269589919064119,0.2153167307238811,0.28343271178798957
0.5,1,SPPO-avg,0.21755918679441713,0.09094188154653784,0.5738425590522326,1.0343215053663382,1.4505851444238782,0.308501068340955
0.5,1,INPO-avg,0.3140077308655263,-0.005506662524571326,0.5519203814084159,1.9942376711413101,0.4906689786466902,0.308501068340955
0.5,1,MNPO-hist-avg,0.23506063292386173,0.07344043541709325,0.5325356940454572,2.3876755107208316,0.09723113906716892,0.308501068340955
0.5,1,HT-MNPO-mix,0.3136545367687973,-0.0051534684278423115,0.5522283571209036,1.9838250450512371,0.5010816047367634,0.308501068340955
0.5,1,RONPO,0.34563202233708645,-0.03713095399613148,0.5463243544089421,2.0870848940640503,0.3978217557239496,0.308501068340955
0.5,2,SPPO-avg,0.17461230762934077,0.07067356695226815,0.524738024402835,1.5267987308523618,0.9581079189356385,0.24528587458160891
0.5,2,INPO-avg,0.2556973722808375,-0.010411497699228583,0.5208282714887206,2.3019978847358034,0.1829087650521972,0.24528587458160891
0.5,2,MNPO-hist-avg,0.27490985148160957,-0.029623976900000654,0.5110167923401965,2.4522855364927545,0.03262111329524631,0.24528587458160891
0.5,2,HT-MNPO-mix,0.25371034089113165,-0.008424466309522732,0.520945105979643,2.2966055513229096,0.18830109846509066,0.24528587458160891
0.5,2,RONPO,0.30395190306176817,-0.058666028480159255,0.5136715247323622,2.3863543708365267,0.09855227895147389,0.24528587458160891
0.5,3,SPPO-avg,0.12454670916574674,0.2188763701758502,0.553480963378912,1.3515565245888763,1.1333501252006164,0.34342307934159694
0.5,3,INPO-avg,0.32086819655457605,0.02255488278702089,0.5704815020043267,1.951754456098233,0.5331521936897674,0.34342307934159694
0.5,3,MNPO-hist-avg,0.33150874650824336,0.01191433283335358,0.5382627624280156,2.370571644134298,0.1143350056537029,0.34342307934159694
0.5,3,HT-MNPO-mix,0.32028445409873235,0.023138625242864586,0.5706095435907204,1.946462861067313,0.5384437887206874,0.34342307934159694
0.5,3,RONPO,0.38661023724766924,-0.043187157906072304,0.5520528842569821,2.1632244191035492,0.32168223068445057,0.34342307934159694
0.5,4,SPPO-avg,0.12114406007702164,0.1858807193436536,0.5451935789338835,1.2562075398216628,1.2286991099675992,0.30702477942067524
0.5,4,INPO-avg,0.3183305128027014,-0.011305733382026173,0.5427803618002818,2.1872796999872484,0.297626949800752,0.30702477942067524
0.5,4,MNPO-hist-avg,0.27580420846071263,0.031220570959962612,0.5278806773084005,2.408695069457231,0.07621158033076987,0.30702477942067524
0.5,4,HT-MNPO-mix,0.3183468733144436,-0.01132209389376837,0.5431428859640648,2.18304205164553,0.30186459814247024,0.30702477942067524
0.5,4,RONPO,0.3324755328754916,-0.025450753454816344,0.535186995130055,2.2449537542898947,0.23995289549810603,0.30702477942067524
0.5,5,SPPO-avg,0.13396566347975067,0.13927387603473915,0.549107623783542,1.1762568191747125,1.30864983061421,0.2732395395144898
0.5,5,INPO-avg,0.2559799975016325,0.017259542012857343,0.5358113570955043,2.234842004353279,0.2500646454347206,0.2732395395144898
0.5,5,MNPO-hist-avg,0.3177588935954614,-0.044519354080971574,0.5257942585983619,2.413393041257671,0.07151360853032904,0.2732395395144898
0.5,5,HT-MNPO-mix,0.25483939673939937,0.018400142775090444,0.535934702762777,2.232209217548907,0.2526974322390938,0.2732395395144898
0.5,5,RONPO,0.34168056286787646,-0.06844102335338664,0.528438545006496,2.3421539804620646,0.1427526693259354,0.2732395395144898
0.5,6,SPPO-avg,0.20947950959829806,0.11351085218568394,0.5703053875209612,1.5427346703392602,0.9421719794505181,0.322990361783982
0.5,6,INPO-avg,0.32994299593999676,-0.00695263415601477,0.5464781284350719,2.217797417162318,0.2671092326256825,0.322990361783982
0.5,6,MNPO-hist-avg,0.2896727460593543,0.033317615724627714,0.530682194642111,2.4050820203610486,0.07982462942695154,0.322990361783982
0.5,6,HT-MNPO-mix,0.3278313623362371,-0.004841000552255115,0.5465794955937118,2.2165058686680035,0.2684007811199968,0.322990361783982
0.5,6,RONPO,0.34354393115317283,-0.02055356936919084,0.5352436974940216,2.2629967404654634,0.22190990932253687,0.322990361783982
0.5,7,SPPO-avg,0.017167437051771543,0.2898799721574953,0.608391224386833,0.6835365961191574,1.8013700536715536,0.3070474092092668
0.5,7,INPO-avg,0.2482541853638345,0.05879322384543231,0.5746606995302208,1.9259718053548904,0.5589348444331099,0.3070474092092668
0.5,7,MNPO-hist-avg,0.24731875620413424,0.05972865300513258,0.5418221840093825,2.3658603511635246,0.11904629862447559,0.3070474092092668
0.5,7,HT-MNPO-mix,0.24560670995406078,0.06144069925520604,0.5753654682764175,1.908793710013918,0.5761129397740822,0.3070474092092668
0.5,7,RONPO,0.3179221495055581,-0.010874740296291263,0.5395400767635803,2.2773139131456626,0.20759273664233824,0.3070474092092668
0.5,8,SPPO-avg,0.02434255476500865,0.26456665220626663,0.5696348738328297,0.6991939578649431,1.7857126919238395,0.28890920697127526
0.5,8,INPO-avg,0.23229881610508438,0.05661039086619088,0.5235967492591318,2.2598393020167626,0.22506734777123735,0.28890920697127526
0.5,8,MNPO-hist-avg,0.25393640193760586,0.034972805033669396,0.5118100432122688,2.449177714989589,0.03572893479841158,0.28890920697127526
0.5,8,HT-MNPO-mix,0.23016690763260053,0.058742299338674725,0.5238740849668121,2.252986966510811,0.23191968327718943,0.28890920697127526
0.5,8,RONPO,0.3322266809157406,-0.043317473944465335,0.5150162099095863,2.364788637978856,0.12011801180914478,0.28890920697127526
0.5,9,SPPO-avg,0.2050026651223971,0.09438378808883832,0.5405597903320293,1.4908816859481482,0.9940249638408666,0.2993864532112354
0.5,9,INPO-avg,0.26046815757797764,0.03891829563325777,0.54002403057686,2.1531350200510144,0.33177162973698604,0.2993864532112354
0.5,9,MNPO-hist-avg,0.33920606418990285,-0.03981961097866743,0.5244047030566279,2.411708948314677,0.07319770147332329,0.2993864532112354
0.5,9,HT-MNPO-mix,0.2576321317875455,0.0417543214236899,0.5403609163470401,2.146084106258969,0.3388225435290313,0.2993864532112354
0.5,9,RONPO,0.35382077802710127,-0.05443432481586585,0.5229636600742431,2.3492763898049893,0.13563025998301076,0.2993864532112354
0.75,0,SPPO-avg,0.061886068961219586,0.27383385173056274,0.530281415285631,0.7786253451549561,1.7062813046339351,0.3357199206917823
0.75,0,INPO-avg,0.36453685273513325,-0.02881693204335095,0.5223478722707969,2.287191778454864,0.19771487133313612,0.3357199206917823
0.75,0,MNPO-hist-avg,0.34008072102530945,-0.004360800333527148,0.5189230588930753,2.4305994608367,0.05430718895130002,0.3357199206917823
0.75,0,HT-MNPO-mix,0.3632194022172648,-0.027499481525482483,0.5224120533873042,2.2843772913144385,0.20052935847356182,0.3357199206917823
0.75,0,RONPO,0.3926443633262399,-0.05692444263445762,0.5175584273069729,2.3050697763479233,0.17983687344007715,0.3357199206917823
0.75,1,SPPO-avg,0.1170906394156561,0.15865241839095073,0.5880801292110592,0.9312056222674423,1.5537010275230845,0.27574305780660685
0.75,1,INPO-avg,0.34577705837244244,-0.07003400056583559,0.5565416988107714,2.0698193312528153,0.415087318535184,0.27574305780660685
0.75,1,MNPO-hist-avg,0.3676774048698167,-0.09193434706320985,0.5365196981646234,2.376651546653911,0.10825510313408934,0.27574305780660685
0.75,1,HT-MNPO-mix,0.34499817406611477,-0.06925511625950792,0.5565839672199339,2.0672199364238106,0.41768671336418983,0.27574305780660685
0.75,1,RONPO,0.3844845531531823,-0.10874149534657546,0.5477595862094402,2.2092445993389322,0.275662050449068,0.27574305780660685
0.75,2,SPPO-avg,0.12990545840958992,0.16976195364329286,0.5506100247507832,1.1390912288976047,1.3458154208922688,0.2996674120528828
0.75,2,INPO-avg,0.29640499449930824,0.003262417553574537,0.5630491625147718,1.9871789034239338,0.49772774636406636,0.2996674120528828
0.75,2,MNPO-hist-avg,0.30207628346372556,-0.0024088714108427833,0.5418962561075343,2.360695846079726,0.12421080370827392,0.2996674120528828
0.75,2,HT-MNPO-mix,0.29298736804203596,0.0066800440108468195,0.5631728182267204,1.9795175835616299,0.5053890662263706,0.2996674120528828
0.75,2,RONPO,0.34840830611395657,-0.04874089406107379,0.5435309385596616,2.234406580929224,0.25050006885877635,0.2996674120528828
0.75,3,SPPO-avg,0.19115780184089826,0.08400932047305842,0.5257239771887703,1.3090203947426877,1.1758862550474949,0.2751671223139567
0.75,3,INPO-avg,0.3235251020451139,-0.04835797973115724,0.5737510944764936,1.8653125205750856,0.619594129212915,0.2751671223139567
0.75,3,MNPO-hist-avg,0.3022741437165925,-0.027107021402635822,0.5436943205810392,2.356814759759758,0.1280918900282426,0.2751671223139567
0.75,3,HT-MNPO-mix,0.3205781553237439,-0.045411033009787216,0.5742499834705408,1.8522917690568927,0.6326148807311078,0.2751671223139567
0.75,3,RONPO,0.3910026042153086,-0.1158354819013519,0.5572241812170202,2.126199992469858,0.35870665731814255,0.2751671223139567
0.75,4,SPPO-avg,0.08623899637960274,0.1939926258775354,0.5535223134020748,0.833167506716997,1.6517391430732318,0.28023162225713816
0.75,4,INPO-avg,0.314651095559292,-0.034419473302153836,0.5532265237163436,2.016914152040373,0.4679924977476279,0.28023162225713816
0.75,4,MNPO-hist-avg,0.24408280130091242,0.036148820956225736,0.5380379152800757,2.3682924110286985,0.11661423875930146,0.28023162225713816
0.75,4,HT-MNPO-mix,0.3146254483482176,-0.03439382609107944,0.5533226297307026,2.0099434922504664,0.4749631575375341,0.28023162225713816
0.75,4,RONPO,0.31730190905427347,-0.03707028679713531,0.5342818966813375,2.2821956702962125,0.20271097949178843,0.28023162225713816
0.75,5,SPPO-avg,0.16138119113191254,0.17121786245110035,0.5990154488322902,0.9221021786060662,1.5628044711847886,0.3325990535830129
0.75,5,INPO-avg,0.3610387209974852,-0.02843966741447229,0.5800369947888839,1.8824224300697077,0.6024842197182926,0.3325990535830129
0.75,5,MNPO-hist-avg,0.3135333297682279,0.019065723814784996,0.5389405751973764,2.3706972917502207,0.11420935803777917,0.3325990535830129
0.75,5,HT-MNPO-mix,0.3606111556299365,-0.028012102046923615,0.5803442306984804,1.8763484550836367,0.6085581947043637,0.3325990535830129
0.75,5,RONPO,0.3758296514711409,-0.043230597888128,0.562694620365142,2.1126317909798713,0.37227485880812916,0.3325990535830129
0.75,6,SPPO-avg,0.024714779913171506,0.2712521272002279,0.6688977792556983,0.4105443344187794,2.074362315370295,0.2959669071133994
0.75,6,INPO-avg,0.2138712029151844,0.08209570419821499,0.5552455311633337,2.016378309565815,0.46852834022218487,0.2959669071133994
0.75,6,MNPO-hist-avg,0.26038489913434565,0.035582007979053754,0.5423310999145853,2.3550912289201205,0.12981542086787995,0.2959669071133994
0.75,6,HT-MNPO-mix,0.2134278789710199,0.08253902814237951,0.5550033131093546,2.017212445999784,0.4676942037882166,0.2959669071133994
0.75,6,RONPO,0.3175291749369511,-0.021562267823551695,0.5655312855395057,2.063700407194118,0.4212062425938819,0.2959669071133994
0.75,7,SPPO-avg,0.15618791352483774,0.22187281694624483,0.5268486100449651,1.3347023089522845,1.1502043408361258,0.3780607304710826
0.75,7,INPO-avg,0.2916033817279456,0.08645734874313699,0.5449186243479254,2.1272386754955313,0.35766797429246916,0.3780607304710826
0.75,7,MNPO-hist-avg,0.3430071331682294,0.03505359730285318,0.5318294486954711,2.395250344862907,0.08965630492509358,0.3780607304710826
0.75,7,HT-MNPO-mix,0.29089421088009937,0.0871665195909832,0.5446890086223501,2.124256175009906,0.3606504747780944,0.3780607304710826
0.75,7,RONPO,0.37486441724684966,0.003196313224232916,0.5401693632667846,2.242433235361315,0.24247341442668605,0.3780607304710826
0.75,8,SPPO-avg,0.0555579383234098,0.23674119279259906,0.5256758451031622,0.8394407094861076,1.6454659403037055,0.29229913111600886
0.75,8,INPO-avg,0.30393304358187084,-0.011633912465861984,0.5362961765453017,2.1491425632397463,0.33576408654825385,0.29229913111600886
0.75,8,MNPO-hist-avg,0.2883080644006899,0.003991066715318958,0.5228937349151385,2.413661869887348,0.0712447799006523,0.29229913111600886
0.75,8,HT-MNPO-mix,0.30325570141801383,-0.010956570302004975,0.5362701248254287,2.1444826862323323,0.34042396355566806,0.29229913111600886
0.75,8,RONPO,0.3420556805071652,-0.04975654939115637,0.5232212335653432,2.2732823831865416,0.21162426660145878,0.29229913111600886
0.75,9,SPPO-avg,0.0827027364708063,0.26623608854271924,0.5697013270123578,1.230266382551527,1.2546402672374333,0.3489388250135255
0.75,9,INPO-avg,0.32611728887116653,0.02282153614235899,0.5589000882102781,2.082712374659797,0.40219427512820394,0.3489388250135255
0.75,9,MNPO-hist-avg,0.2705067801865574,0.07843204482696814,0.5354320342861596,2.383315121448084,0.10159152833991641,0.3489388250135255
0.75,9,HT-MNPO-mix,0.32610808543585296,0.022830739577672565,0.5589491134626368,2.079639415945051,0.4052672338429496,0.3489388250135255
0.75,9,RONPO,0.3327817865698909,0.01615703844363464,0.5516489057070101,2.1840571970658504,0.3008494527221502,0.3489388250135255
1.0,0,SPPO-avg,0.18544925407275528,0.22349490664395957,0.712945974753193,0.3062518383320212,2.1786548114600115,0.40894416071671486
1.0,0,INPO-avg,0.4606372517716749,-0.05169309105496006,0.591746483822398,1.9223994758515823,0.5625071739364182,0.40894416071671486
1.0,0,MNPO-hist-avg,0.3757685962061148,0.03317556451060005,0.5790422134912756,2.2659738728608287,0.21893277692717145,0.40894416071671486
1.0,0,HT-MNPO-mix,0.46063725177167486,-0.051693091054960005,0.5917464838223981,1.922399475851582,0.562507173936418,0.40894416071671486
1.0,0,RONPO,0.46062398560133616,-0.051679824884621306,0.5917534458942088,1.9223879969198254,0.5625186528681748,0.40894416071671486
1.0,1,SPPO-avg,0.07295356672108998,0.2857563217973263,0.706049575671932,0.010466480967085358,2.4744401688229605,0.3587098885184163
1.0,1,INPO-avg,0.45972719366648884,-0.10101730514807256,0.5545354795288336,1.9976833737399318,0.4872232760480683,0.3587098885184163
1.0,1,MNPO-hist-avg,0.35444553708330606,0.004264351435110225,0.5537424981420886,2.316085021172316,0.16882162861568406,0.3587098885184163
1.0,1,HT-MNPO-mix,0.45972719366648923,-0.10101730514807294,0.5545354795288339,1.9976833737399313,0.4872232760480692,0.3587098885184163
1.0,1,RONPO,0.45944096539412943,-0.10073107687571314,0.5543242313572946,1.998798883880333,0.4861077659076675,0.3587098885184163
1.0,2,SPPO-avg,0.01536448918349297,0.43829849793384235,0.4770938019981764,0.08057340779472902,2.4043332419953596,0.4536629871173353
1.0,2,INPO-avg,0.47077869874792067,-0.01711571163058534,0.5429712715740665,2.130718654595582,0.3541879951924182,0.4536629871173353
1.0,2,MNPO-hist-avg,0.42895780034631553,0.024705186771019794,0.5320869670278754,2.3919363549399093,0.09297029484809143,0.4536629871173353
1.0,2,HT-MNPO-mix,0.47077869874792067,-0.01711571163058534,0.5429712715740667,2.130718654595582,0.35418799519241817,0.4536629871173353
1.0,2,RONPO,0.4705528901147633,-0.016889902997427986,0.5430006838980387,2.13060694808204,0.35429970170596004,0.4536629871173353
1.0,3,SPPO-avg,0.4736751107247244,0.00920405491539883,0.6642179045247112,0.6983994729942659,1.7865071767978271,0.48287916564012323
1.0,3,INPO-avg,0.4638961741020027,0.018982991538120553,0.627128084139792,1.6947113062797527,0.790195343508248,0.48287916564012323
1.0,3,MNPO-hist-avg,0.36941287548518453,0.1134662901549387,0.5840572779428989,2.247222911317078,0.23768373847092256,0.48287916564012323
1.0,3,HT-MNPO-mix,0.4638961741020028,0.01898299153812044,0.627128084139792,1.6947113062797527,0.7901953435082483,0.48287916564012323
1.0,3,RONPO,0.46382345095682126,0.019055714683301972,0.6271214432215736,1.6948241663215546,0.7900824834664462,0.48287916564012323
1.0,4,SPPO-avg,0.08572104319288956,0.3418266930217263,0.5076599491017264,0.47317168624487566,2.0117349635449036,0.42754773621461584
1.0,4,INPO-avg,0.4713923327482007,-0.043844596533584856,0.5489963639935155,2.1345697089444133,0.35033694084358674,0.42754773621461584
1.0,4,MNPO-hist-avg,0.41919154329046776,0.008356192924148076,0.5275675175086594,2.4051558388135184,0.07975081097448183,0.42754773621461584
1.0,4,HT-MNPO-mix,0.4713923327482006,-0.043844596533584745,0.5489963639935156,2.134569708944414,0.35033694084358674,0.42754773621461584
1.0,4,RONPO,0.47131413833139835,-0.04376640211678251,0.5490037682385435,2.1345662280788034,0.3503404217091972,0.42754773621461584
1.0,5,SPPO-avg,0.1332417950296464,0.31025844779609646,0.5405999990299494,0.6989633646985824,1.7859432850911414,0.44350024282574285
1.0,5,INPO-avg,0.4706496929315274,-0.027149450105784567,0.5685170382235148,2.040549853303839,0.44435679648416126,0.44350024282574285
1.0,5,MNPO-hist-avg,0.41447967707929456,0.02902056574644829,0.5508323094292435,2.3521896669633704,0.13271698282462985,0.44350024282574285
1.0,5,HT-MNPO-mix,0.4706496929315275,-0.027149450105784623,0.568517038223515,2.040549853303839,0.44435679648416143,0.44350024282574285
1.0,5,RONPO,0.47066969702636524,-0.02716945420062239,0.5685140440084155,2.040522467143461,0.44438418264453944,0.44350024282574285
1.0,6,SPPO-avg,0.021996805147949248,0.39781277982555124,0.6745983721989848,0.13660626137082174,2.3483003884184317,0.4198095849735005
1.0,6,INPO-avg,0.46798243599087924,-0.048172851017378726,0.5688662325311403,1.986447431631556,0.49845921815644456,0.4198095849735005
1.0,6,MNPO-hist-avg,0.39798795088667005,0.021821634086830466,0.5478945452197242,2.3495290521462446,0.13537759764175616,0.4198095849735005
1.0,6,HT-MNPO-mix,0.4679824359908792,-0.04817285101737867,0.5688662325311403,1.9864474316315555,0.49845921815644484,0.4198095849735005
1.0,6,RONPO,0.46883768261506714,-0.049028097641566626,0.5686915302496973,1.9863810374005308,0.4985256123874692,0.4198095849735005
1.0,7,SPPO-avg,0.28825480398309195,0.16862628581518846,0.5519330051074216,1.0039867973886103,1.4809198524013996,0.4568810897982804
1.0,7,INPO-avg,0.46703282959154513,-0.010151739793264725,0.5497303336401504,2.165329498595404,0.31957715119259683,0.4568810897982804
1.0,7,MNPO-hist-avg,0.39836725968859654,0.05851383010968386,0.5397667226258782,2.3689243722018984,0.11598227758610162,0.4568810897982804
1.0,7,HT-MNPO-mix,0.4670328295915451,-0.010151739793264669,0.5497303336401502,2.165329498595404,0.3195771511925966,0.4568810897982804
1.0,7,RONPO,0.4670394186064073,-0.010158328808126893,0.549725599786679,2.1653377074168603,0.3195689423711401,0.4568810897982804
1.0,8,SPPO-avg,0.09306621077888436,0.2982948114052635,0.5266156301867604,0.6614657227024593,1.8234409270856675,0.39136102218414787
1.0,8,INPO-avg,0.46303158630103314,-0.07167056411688527,0.5377847433192114,2.14890241946837,0.33600423031963045,0.39136102218414787
1.0,8,MNPO-hist-avg,0.4038321342174382,-0.012471112033290321,0.5271642563716724,2.4036428386530866,0.08126381113491354,0.39136102218414787
1.0,8,HT-MNPO-mix,0.46303158630103314,-0.07167056411688527,0.5377847433192114,2.1489024194683704,0.33600423031963006,0.39136102218414787
1.0,8,RONPO,0.46320925034922156,-0.07184822816507369,0.5377965634914099,2.1487210818911073,0.33618556789689313,0.39136102218414787
1.0,9,SPPO-avg,0.11258105232222639,0.29181824621376085,0.5672010161255048,0.5000823596372677,1.984824290152228,0.4043992985359872
1.0,9,INPO-avg,0.47883475930030983,-0.07443546076432261,0.5734830459029924,1.956869911918772,0.5280367378692279,0.4043992985359872
1.0,9,MNPO-hist-avg,0.41321538797303736,-0.008816089437050145,0.5587139950682759,2.3138819714530823,0.17102467833491775,0.4043992985359872
1.0,9,HT-MNPO-mix,0.47883475930030994,-0.07443546076432273,0.5734830459029924,1.9568699119187722,0.5280367378692281,0.4043992985359872
1.0,9,RONPO,0.47904378919739954,-0.07464449066141232,0.5734263490258629,1.9567099239058436,0.5281967258821568,0.4043992985359872
