batch_size,seed,method,worst_case,robust_gap,avg_ref,decoy_mass,entropy,kl_to_ref
exact,0,RONPO-exact,0.2880738378984683,0.005899984213336151,0.5331709305917297,0.34037595867270615,1.3864971357761648,0.6929444059036713
8,0,RONPO-stochastic,0.19904578841132392,0.09492803370048053,0.5030871020671258,0.17030909430862368,2.066374168781682,0.013067372898153636
16,0,RONPO-stochastic,0.2027228299739452,0.09125099213785925,0.49942337829088884,0.19129990269042016,1.9937513320019082,0.08569020967792768
32,0,RONPO-stochastic,0.2181900761747337,0.07578374593707074,0.5141807971500171,0.0655829048863083,1.8843958748073004,0.19504566687253552
64,0,RONPO-stochastic,0.26618106510333644,0.027792757008468005,0.5166193727559075,0.19390573080563384,1.8051109921621218,0.27433054951771374
128,0,RONPO-stochastic,0.2597116768097742,0.034262145302030256,0.524458597217819,0.2645336631092595,1.685597053031836,0.3938444886479997
256,0,RONPO-stochastic,0.24522589261273636,0.04874792949906809,0.5222513394933374,0.2401357369750612,1.8691970270042653,0.21024451467557048
512,0,RONPO-stochastic,0.24924893353776917,0.04472488857403528,0.523750273730666,0.24390283460774598,1.8252051026197365,0.2542364390600994
1024,0,RONPO-stochastic,0.24367872286016998,0.05029509925163447,0.5212772917256775,0.23814285910800892,1.8845444614734572,0.19489708020637883
2048,0,RONPO-stochastic,0.2494437976669191,0.04453002444488535,0.5230345109211441,0.25354541569161965,1.834875043633045,0.24456649804679093
4096,0,RONPO-stochastic,0.24953773630432757,0.04443608580747688,0.5195523695067302,0.24362544709999934,1.8647493990124457,0.21469214266739028
exact,1,RONPO-exact,0.28818439191804573,0.03018465530277964,0.5353336503089224,0.3404815944510144,1.385417909718992,0.6940236319608435
8,1,RONPO-stochastic,0.1855603510721477,0.13280869614867769,0.49620897448909446,0.07867355438057437,1.814628590498853,0.2648129511809827
16,1,RONPO-stochastic,0.209110917582383,0.10925812963844236,0.5116347817684078,0.04759499069816685,1.9493393739435123,0.13010216773632327
32,1,RONPO-stochastic,0.234795053638845,0.08357399358198037,0.5055295434636116,0.20647601182467393,1.8125875694765505,0.26685397220328544
64,1,RONPO-stochastic,0.2125510064008219,0.10581804082000348,0.5073474038719834,0.23536392071623255,1.9458482819831944,0.1335932596966414
128,1,RONPO-stochastic,0.23345258868416502,0.08491645853666036,0.524840875279385,0.2599607294174073,1.8413697696816003,0.2380717719982351
256,1,RONPO-stochastic,0.24211841449368904,0.07625063272713634,0.5241277339692163,0.2978608206542515,1.74382977679139,0.33561176488844574
512,1,RONPO-stochastic,0.24153856266508233,0.07683048455574304,0.5209157778267112,0.2486326811909294,1.8744746504435263,0.20496689123630923
1024,1,RONPO-stochastic,0.25219086849907985,0.06617817872174553,0.5209037484709632,0.23900854354108803,1.8611339332313632,0.21830760844847263
2048,1,RONPO-stochastic,0.24829839196662162,0.07007065525420375,0.5235520685598523,0.26364588415880913,1.8297221588904642,0.24971938278937147
4096,1,RONPO-stochastic,0.2497303598114683,0.06863868740935708,0.5228324621045816,0.24863093386492838,1.8472826083074627,0.2321589333723729
exact,2,RONPO-exact,0.28788141899178565,0.03724331634853878,0.5288059453569406,0.34020210666874906,1.3886570319805136,0.6907845096993225
8,2,RONPO-stochastic,0.19675834062918088,0.12836639471114356,0.49275854242007394,0.09027987244214339,2.019263653795515,0.06017788788432059
16,2,RONPO-stochastic,0.21017351242461607,0.11495122291570836,0.5022124718701376,0.15031212947264128,2.0276426702716055,0.05179887140823037
32,2,RONPO-stochastic,0.21007268880158447,0.11505204653873996,0.5107546137940943,0.1813670242578621,1.9892368788326686,0.09020466284716724
64,2,RONPO-stochastic,0.2419880965895396,0.08313663875078484,0.5142133639134155,0.15250758744600926,1.9319298284068778,0.14751171327295798
128,2,RONPO-stochastic,0.23858251860780086,0.08654221673252357,0.5222764926553193,0.30638749315245295,1.7796441132324698,0.299797428447366
256,2,RONPO-stochastic,0.24873800934588547,0.07638672599443896,0.5211374242839485,0.24050437989546697,1.8460673369729417,0.2333742047068938
512,2,RONPO-stochastic,0.26031996261323076,0.06480477272709367,0.517639998171092,0.2523381323289128,1.7962356072990877,0.28320593438074776
1024,2,RONPO-stochastic,0.24754888013536555,0.07757585520495888,0.5174206681522097,0.24708602848754238,1.8663274307468984,0.21311411093293714
2048,2,RONPO-stochastic,0.24974818769849172,0.07537654764183271,0.5172913121108582,0.25718616632916247,1.8390506749611184,0.24039086671871776
4096,2,RONPO-stochastic,0.2500838049678932,0.07504093037243126,0.5183941699238014,0.25943177798956363,1.8342704423861091,0.24517109929372669
exact,3,RONPO-exact,0.2878965321256255,0.01709779427273761,0.5287413350064663,0.3402175188068385,1.388727219600707,0.6907143220791285
8,3,RONPO-stochastic,0.21872246852141533,0.08627185787694777,0.4994477849032359,0.04030434670692437,1.939880380388805,0.1395611612910308
16,3,RONPO-stochastic,0.2506679593279355,0.054326367070427595,0.5080617265133269,0.10952842617119843,1.744114724122264,0.33532681755757177
32,3,RONPO-stochastic,0.23046321791155006,0.07453110848681305,0.5090266510019731,0.1794121815448361,1.8634343351819316,0.21600720649790411
64,3,RONPO-stochastic,0.25270144327422817,0.05229288312413494,0.5167767787288756,0.1886214151032831,1.8930788925926498,0.1863626490871861
128,3,RONPO-stochastic,0.21678888847908068,0.08820543791928243,0.5145256279154227,0.31442833867452014,1.8336644338055808,0.2457771078742551
256,3,RONPO-stochastic,0.2289639919094715,0.0760303344888916,0.515266070876894,0.290160649849845,1.8556212827315424,0.22382025894829344
512,3,RONPO-stochastic,0.2584741027283712,0.04652022366999192,0.516941673957716,0.2008273957054609,1.8788001860638983,0.2006413556159376
1024,3,RONPO-stochastic,0.25432751241774654,0.050666813980616565,0.5180627172921239,0.23635904912316794,1.8525324922946826,0.22690904938515347
2048,3,RONPO-stochastic,0.2578336686168974,0.04716065778146572,0.5201054383347125,0.24944462738654163,1.8089746710273704,0.27046687065246516
4096,3,RONPO-stochastic,0.24867352416899274,0.05632080222937036,0.5198670709257844,0.25213324202566567,1.8432959096737696,0.23614563200606584
exact,4,RONPO-exact,0.2880826626576196,0.02626830428200666,0.5330594546120632,0.3403581266710806,1.3867829902575677,0.6926585514222683
8,4,RONPO-stochastic,0.21433226354113424,0.10001870339849203,0.49287785095492037,0.17160243091800156,1.9514465780455408,0.1279949636342949
16,4,RONPO-stochastic,0.2457556000072652,0.06859536693236107,0.5098115749537065,0.10048145362889802,1.9804572997912544,0.09898424188858145
32,4,RONPO-stochastic,0.2200443196093993,0.09430664733022698,0.5100944295686508,0.14286767805471465,1.9640614350984607,0.11538010658137512
64,4,RONPO-stochastic,0.23588565343840795,0.07846531350121833,0.5175162104480678,0.2406299059914214,1.868553763169649,0.21088777851018656
128,4,RONPO-stochastic,0.2608056404339825,0.05354532650564375,0.524024399349195,0.2903451901835634,1.6626897299509793,0.41675181172885656
256,4,RONPO-stochastic,0.24505060570468723,0.06930036123493905,0.5259315304205184,0.25565536166629266,1.8092608290277712,0.27018071265206434
512,4,RONPO-stochastic,0.2483711510989076,0.06597981584071869,0.5166006880789475,0.23486440457600077,1.8839599498056698,0.19548159187416578
1024,4,RONPO-stochastic,0.24745464239064607,0.0668963245489802,0.5212980152927317,0.2481890434539268,1.8574899281867698,0.2219516134930656
2048,4,RONPO-stochastic,0.24969981347792092,0.06465115346170536,0.5215757957555658,0.24868085164818354,1.8458192756990819,0.23362226598075359
4096,4,RONPO-stochastic,0.24967658327335324,0.06467438366627304,0.5215581973929129,0.2513409422963005,1.843500205995365,0.2359413356844707
exact,5,RONPO-exact,0.2880172939783189,0.0136918196929674,0.5308988997361727,0.3403607874819953,1.38743494001377,0.6920066016660658
8,5,RONPO-stochastic,0.18555668132230757,0.11615243234897871,0.4911500976290421,0.14505587791364655,2.005017193553763,0.07442434812607276
16,5,RONPO-stochastic,0.1883965583718582,0.11331255529942807,0.49647648037339165,0.1716206233735255,2.0036396275323254,0.07580191414751065
32,5,RONPO-stochastic,0.25880700397728124,0.04290210969400504,0.5117488220930289,0.18759864122512632,1.8703939893795059,0.20904755230032962
64,5,RONPO-stochastic,0.24059994747294203,0.06110916619834425,0.5138637364523904,0.20589072588568225,1.9453327170957802,0.13410882458405537
128,5,RONPO-stochastic,0.23594009723541196,0.06576901643587432,0.5182321641426016,0.26544236718279657,1.8672241005559274,0.2122174411239085
256,5,RONPO-stochastic,0.24161342004782674,0.06009569362345954,0.5184602226210414,0.2680275510671184,1.8134769852451091,0.26596455643472655
512,5,RONPO-stochastic,0.2699292447858332,0.03177986888545309,0.5218635633119522,0.22912327368436763,1.7708931926042826,0.3085483490755536
1024,5,RONPO-stochastic,0.2509340081925335,0.0507751054787528,0.5207420427101086,0.25747037279381085,1.8303386409530054,0.2491029007268304
2048,5,RONPO-stochastic,0.2505549553713466,0.05115415829993969,0.5206142314080974,0.25739801218665387,1.8311402705310735,0.24830127114876255
4096,5,RONPO-stochastic,0.2538510014465869,0.04785811222469938,0.5203027402211385,0.2409380699676682,1.8460062446239047,0.23343529705593105
exact,6,RONPO-exact,0.28793779105914735,0.006103390218055449,0.5289011738367172,0.340288194809407,1.388083738490884,0.6913578031889518
8,6,RONPO-stochastic,0.20225072681600928,0.09179045446119352,0.5086686073080714,0.1112536340800462,1.972494138799005,0.10694740288083066
16,6,RONPO-stochastic,0.22108073639875964,0.07296044487844316,0.5090767506419752,0.2307695920092112,1.9702547508375121,0.10918679084232397
32,6,RONPO-stochastic,0.20604391826458826,0.08799726301261454,0.5075445358260934,0.056906509669124625,1.9619477008756525,0.1174938408041831
64,6,RONPO-stochastic,0.27232479736833565,0.021716383908867154,0.5151200337887945,0.2275763953974984,1.6749557765337069,0.4044857651461288
128,6,RONPO-stochastic,0.23224595729294242,0.06179522398426038,0.5138540049030126,0.23008675446312396,1.907327693662418,0.17211384801741778
256,6,RONPO-stochastic,0.23477652768062274,0.059264653596580064,0.5183801329214254,0.25070727855379005,1.8984730469969782,0.18096849468285775
512,6,RONPO-stochastic,0.25083780504142084,0.043203376235781965,0.5253377748819711,0.25095093497882753,1.8063934093417058,0.2730481323381302
1024,6,RONPO-stochastic,0.25236125163344153,0.04167992964376127,0.5183406974235795,0.24280431134344116,1.8468301103857998,0.23261143129403583
2048,6,RONPO-stochastic,0.2502487682939566,0.04379241298324621,0.5166862801583822,0.24325749538018765,1.8575484111309426,0.22189313054889326
4096,6,RONPO-stochastic,0.25056915703946764,0.04347202423773516,0.5201086105209357,0.25650057081829714,1.832819313800216,0.24662222787961957
exact,7,RONPO-exact,0.2878496890460545,0.018611779513319993,0.5265437964668142,0.34017264361086297,1.389341474471963,0.6901000672078731
8,7,RONPO-stochastic,0.17413317248977583,0.13232829606959867,0.4930677229614171,0.11303969366972913,1.9672128099172344,0.11222873176260141
16,7,RONPO-stochastic,0.23131088500667152,0.07515058355270299,0.5003650510226137,0.0782645952144999,1.981522317779828,0.09791922390000776
32,7,RONPO-stochastic,0.24221989081151166,0.06424157774786285,0.5233976165166628,0.18156450735590413,1.8048015778533657,0.27463996382647005
64,7,RONPO-stochastic,0.2125529756853128,0.0939084928740617,0.5028990463480252,0.19286997839921055,2.0161453558604823,0.06329618581935331
128,7,RONPO-stochastic,0.26277402469820543,0.04368744386116907,0.5170924311583236,0.23591038451243118,1.802168006963165,0.27727353471667066
256,7,RONPO-stochastic,0.2591428727401675,0.047318595819207,0.5246814682533992,0.27617407915818865,1.7108159909650509,0.3686255507147847
512,7,RONPO-stochastic,0.2516210027792478,0.05484046578012669,0.5155012539860343,0.23887102689854903,1.8597377355718652,0.21970380610797077
1024,7,RONPO-stochastic,0.24563281820234326,0.06082865035703125,0.5179192008444439,0.22335977404903473,1.88904947773855,0.1903920639412858
2048,7,RONPO-stochastic,0.2546454624464751,0.05181600611289938,0.5198878039398809,0.23900746157904343,1.8342326986009891,0.2452088430788466
4096,7,RONPO-stochastic,0.25120247778054533,0.055258990778829176,0.5190879452126419,0.25841912822836666,1.8234742974877567,0.2559672441920794
exact,8,RONPO-exact,0.2879875605006032,0.009916107741040403,0.5315218290568107,0.34028310830465086,1.387195784742417,0.6922457569374187
8,8,RONPO-stochastic,0.20470376318247,0.09319990505917361,0.5042096005424394,0.1235188159123499,2.067704613748289,0.011736927931546723
16,8,RONPO-stochastic,0.2037352205217357,0.0941684477199079,0.49678720881864713,0.15223386794257474,1.9526170512198495,0.12682449045998642
32,8,RONPO-stochastic,0.2279382572815354,0.06996541096010819,0.5242334323851212,0.14931095295015484,1.9007580024337374,0.17868353924609862
64,8,RONPO-stochastic,0.2207269410804849,0.0771767271611587,0.4991281975353363,0.21807375184762723,1.9276026483669013,0.15183889331293454
128,8,RONPO-stochastic,0.23807792018870563,0.05982574805293797,0.5159726663813593,0.251891000055308,1.8695037379501798,0.20993780372965623
256,8,RONPO-stochastic,0.23673026148035664,0.061173406761286964,0.5191101592400243,0.2546975908649579,1.8815701579486164,0.19787138373121954
512,8,RONPO-stochastic,0.2566341053127176,0.04126956292892603,0.5216886710096237,0.23976797219121285,1.8209124339345637,0.2585291077452722
1024,8,RONPO-stochastic,0.25221011714800645,0.04569355109363715,0.5184103515200443,0.25079660782880536,1.8425336760482818,0.23690786563155397
2048,8,RONPO-stochastic,0.25391049927928017,0.04399316896236344,0.5216586745352207,0.25469904807545857,1.8222776258888427,0.2571639157909932
4096,8,RONPO-stochastic,0.25196550953216723,0.04593815870947637,0.523772212480118,0.24876718381122392,1.8318712226316065,0.24757031904822918
exact,9,RONPO-exact,0.28794566919394876,0.004532434528009499,0.5288340753979691,0.3403039038762297,1.3879909174278047,0.6914506242520309
8,9,RONPO-stochastic,0.23311507870568793,0.05936302501627033,0.5159581343834682,0.046839566806028465,1.8842301568547433,0.1952113848250922
16,9,RONPO-stochastic,0.2518189059073115,0.040659197814646775,0.4961498357537531,0.11363894966896965,1.851169713537767,0.22827182814206878
32,9,RONPO-stochastic,0.2045498633432566,0.08792824037870167,0.510423037248351,0.37398505146454214,1.7227618149065151,0.3566797267733206
64,9,RONPO-stochastic,0.24625702913029268,0.04622107459166558,0.5160457908326513,0.17079592412166142,1.9226704629459235,0.15677107873391236
128,9,RONPO-stochastic,0.27166351396640515,0.020814589755553115,0.5175344047031751,0.2455285542208733,1.7100950910085813,0.3693464506712545
256,9,RONPO-stochastic,0.24291432997350193,0.04956377374845633,0.5205556591582999,0.24734295402467227,1.8695768528757872,0.20986468880404868
512,9,RONPO-stochastic,0.25028117267149974,0.04219693105045852,0.5212547435157108,0.2796049850007941,1.7808358512892108,0.2986056903906251
1024,9,RONPO-stochastic,0.2515278344765854,0.04095026924537287,0.5196392759430742,0.24986629463341947,1.8347140653908935,0.2447274762889421
2048,9,RONPO-stochastic,0.25876451904544745,0.03371358467651081,0.5202114401371604,0.2452439232507414,1.8120866100677453,0.2673549316120905
4096,9,RONPO-stochastic,0.24762990729876397,0.04484819642319429,0.5190248278930345,0.25787420891329876,1.8458430483597081,0.2335984933201275
exact,10,RONPO-exact,0.2882489921484287,0.009425728472703732,0.5374523368726951,0.3405499657886359,1.384684736220056,0.6947568054597797
8,10,RONPO-stochastic,0.2139499885599661,0.08372473206116632,0.4947409923346054,0.0694438600930924,1.947850249945033,0.1315912917348023
16,10,RONPO-stochastic,0.1977502216088223,0.09992449901231013,0.48252057966774514,0.09461525683643138,1.9397598365463053,0.1396817051335304
32,10,RONPO-stochastic,0.26503955595007755,0.03263516467105487,0.5251549460180026,0.2055979768395772,1.7586731364736492,0.32076840520618705
64,10,RONPO-stochastic,0.22893148737936075,0.06874323324177167,0.5145651770896972,0.26887788354338815,1.8400746378140613,0.23936690386577447
128,10,RONPO-stochastic,0.24135286451410937,0.05632185610702306,0.514921681810434,0.24507293041354422,1.8889503352889225,0.19049120639091305
256,10,RONPO-stochastic,0.23365066625353387,0.06402405436759856,0.514618480565623,0.23290862942012866,1.921520201571034,0.15792134010880196
512,10,RONPO-stochastic,0.26470755284750075,0.03296716777363168,0.5278616335733669,0.26409253184758014,1.7297889794213321,0.349652562258504
1024,10,RONPO-stochastic,0.2517141092080816,0.0459606114130508,0.5239876868635743,0.22825966754899815,1.8700246895980215,0.20941685208181443
2048,10,RONPO-stochastic,0.24995189368371207,0.04772282693742036,0.5243236112823367,0.25927454371263564,1.8318509716621185,0.2475905700177172
4096,10,RONPO-stochastic,0.24706360832245186,0.050611112298680566,0.5229312742120605,0.24735162878347905,1.8650438001336813,0.21439774154615465
exact,11,RONPO-exact,0.2879177483107299,0.01773345680283367,0.5288693857865377,0.3402687178471803,1.3882308947213953,0.6912106469584401
8,11,RONPO-stochastic,0.1774680847495593,0.12818312036400428,0.483861653852044,0.12565546859148505,1.8918755179849285,0.18756602369490738
16,11,RONPO-stochastic,0.17598233213819187,0.12966887297537172,0.5001576402053965,0.21958201963640117,1.9976610086732407,0.08178053300659475
32,11,RONPO-stochastic,0.22977852504771082,0.07587268006585277,0.5044170275330518,0.13249497576183242,1.9090440147893009,0.17039752689053525
64,11,RONPO-stochastic,0.2673393454210154,0.03831185969254819,0.508457814084839,0.16906909078934093,1.8303466633678567,0.24909487831197885
128,11,RONPO-stochastic,0.2777377073346695,0.02791349777889407,0.51992825188278,0.23247455024251823,1.7210443574692724,0.3583971842105633
256,11,RONPO-stochastic,0.2462118286075738,0.059439376505989794,0.5187277455822114,0.24863850633165888,1.8604227286180417,0.21901881306179427
512,11,RONPO-stochastic,0.25155677217821776,0.054094432935345826,0.5214203280365381,0.2763253050312396,1.7873812904131796,0.29206025126665636
1024,11,RONPO-stochastic,0.2468517742546364,0.05879943085892719,0.5197766067298204,0.266464844277154,1.83111004429266,0.24833149738717597
2048,11,RONPO-stochastic,0.25063355895880274,0.055017646154760846,0.518261304008754,0.2557991166329697,1.8351823160899707,0.24425922558986496
4096,11,RONPO-stochastic,0.24869092180716526,0.056960283306398324,0.5189201664512707,0.24718704840093322,1.855012838000334,0.22442870367950182
exact,12,RONPO-exact,0.2879834383511428,0.004375399107987454,0.5309273486405437,0.3402756233294933,1.3878443693618925,0.6915971723179434
8,12,RONPO-stochastic,0.22941926956713468,0.06293956789199559,0.5082951720978975,0.09564560430027969,1.913276413908878,0.16616512777095774
16,12,RONPO-stochastic,0.20609671806534083,0.08626211939378944,0.4767829255040805,0.06871325722909177,1.7251402938318439,0.3543012478479919
32,12,RONPO-stochastic,0.21559604019544384,0.07676279726368643,0.5038902450865935,0.09672238291161611,2.065333034704552,0.014108506975283784
64,12,RONPO-stochastic,0.22034580999463932,0.07201302746449095,0.5096202152735149,0.14316790893163445,2.007551866836952,0.07188967484288414
128,12,RONPO-stochastic,0.255431609599681,0.036927227859449296,0.531021471303681,0.27135350055401053,1.6696148377173854,0.40982670396245025
256,12,RONPO-stochastic,0.24523422692004263,0.04712461053908765,0.5170605983343063,0.2795936752592337,1.8170864593285352,0.26235508235130045
512,12,RONPO-stochastic,0.2493475900203072,0.043011247438823064,0.5189722853708526,0.23694535284204948,1.8662354527225269,0.21320608895730908
1024,12,RONPO-stochastic,0.2482375082153241,0.044121329243806184,0.5176617374463656,0.24251928451753424,1.869583484400325,0.2098580572795109
2048,12,RONPO-stochastic,0.2549772032366876,0.03738163422244267,0.5215882039283648,0.2441215979056054,1.8305275341325966,0.24891400754723897
4096,12,RONPO-stochastic,0.24897605831446742,0.04338277914466285,0.5191355200300644,0.24945984151774017,1.8563760957788114,0.22306544590102428
exact,13,RONPO-exact,0.2880369562495611,0.011710927313635155,0.5308291409347857,0.3403979387054022,1.3870323679355212,0.6924091737443143
8,13,RONPO-stochastic,0.21139023320868036,0.0883576503545159,0.5050095081350094,0.04578997032592358,2.0048016485698867,0.07463989310994887
16,13,RONPO-stochastic,0.20681565695554102,0.09293222660765524,0.49323165137915953,0.11194776318552459,1.9814028073605525,0.09803873431928341
32,13,RONPO-stochastic,0.22101197513310172,0.07873590843009454,0.5017884646574735,0.15226852215188713,1.8690600386535592,0.2103815030262766
64,13,RONPO-stochastic,0.23994216032301247,0.059805723240183795,0.5162086745947673,0.23527393546467987,1.8681184940024853,0.21132304767735055
128,13,RONPO-stochastic,0.25597567727763554,0.04377220628556072,0.5207497571229953,0.2226208700360321,1.822313294841348,0.2571282468384875
256,13,RONPO-stochastic,0.253044232920868,0.04670365064232829,0.5248782983501873,0.27241250954470164,1.7580329330865552,0.3214086085932807
512,13,RONPO-stochastic,0.24442139776008612,0.05532648580311014,0.5173835692345147,0.23357358278977114,1.8964301923660596,0.18301134931377627
1024,13,RONPO-stochastic,0.24170008566734036,0.0580477978958559,0.5169579819444717,0.25336112326546106,1.877017328152295,0.2024242135275406
2048,13,RONPO-stochastic,0.2469871269703216,0.05276075659287466,0.519580052997252,0.2455791853760032,1.865705271443138,0.21373627023669786
4096,13,RONPO-stochastic,0.25133924396290697,0.048408639600289294,0.5196313265438799,0.24850664119417645,1.845514313384472,0.23392722829536353
exact,14,RONPO-exact,0.28808883072693836,0.013267447063924187,0.5328097325219024,0.3404708294627006,1.3865610818639176,0.6928804598159183
8,14,RONPO-stochastic,0.2255689243485528,0.07578735344230975,0.4978013105608448,0.06643517129100099,1.9357483212887492,0.1436932203910864
16,14,RONPO-stochastic,0.21186527104624295,0.0894910067446196,0.5036747099893888,0.033107158586471605,1.8202458739549248,0.25919566772491126
32,14,RONPO-stochastic,0.19749933725264274,0.10385694053821981,0.5080820902953621,0.18347620475633272,2.001400727311929,0.07804081436790627
64,14,RONPO-stochastic,0.2605639820032994,0.04079229578756316,0.5105336647114426,0.1557094811978545,1.791018269486651,0.28842327219318475
128,14,RONPO-stochastic,0.25045419320635476,0.05090208458450779,0.5160685963907662,0.16898913409136623,1.890903991282379,0.18853755039745673
256,14,RONPO-stochastic,0.2509599314459906,0.050396346344871945,0.5224767345437518,0.24338758905346475,1.8161897202833874,0.2632518213964485
512,14,RONPO-stochastic,0.2521180450610772,0.049238232729785336,0.5191481246908917,0.22248892194989398,1.8787018333874885,0.20073970829234725
1024,14,RONPO-stochastic,0.2491069767287028,0.05224930106215975,0.5208667709385374,0.25809798811275686,1.8384778103659805,0.24096373131385515
2048,14,RONPO-stochastic,0.25384395037584434,0.04751232741501821,0.5218425614165336,0.2435852804933842,1.8379615567489596,0.2414799849308759
4096,14,RONPO-stochastic,0.2483893773557712,0.052966900435091335,0.5194131690870304,0.2521323412873222,1.855520382387149,0.22392115929268647
exact,15,RONPO-exact,0.2881974492719557,-0.005305125590824578,0.5352094536656298,0.3404692130717423,1.3855221992627929,0.6939193424170427
8,15,RONPO-stochastic,0.20857200705171028,0.07432031662942082,0.5101388200150675,0.06167807949384899,1.8041009495622924,0.27534059211754325
16,15,RONPO-stochastic,0.17895167414242663,0.10394064953870447,0.5050841723194556,0.19767076842104409,1.9350930189411994,0.1443485227386364
32,15,RONPO-stochastic,0.2566853493250499,0.026206974356081214,0.5130619498921806,0.131019104732321,1.911291554985271,0.16814998669456457
64,15,RONPO-stochastic,0.25036322208600537,0.03252910159512573,0.5197061906182786,0.14313737468506593,1.9315951029782068,0.14784643870162897
128,15,RONPO-stochastic,0.22690028191996905,0.05599204176116204,0.5103106586622079,0.2373467962928633,1.8874639077107964,0.19197763396903908
256,15,RONPO-stochastic,0.24351816305891458,0.03937416062221652,0.5210078851978753,0.2561254390503993,1.864107437707311,0.21533410397252453
512,15,RONPO-stochastic,0.24807634001370818,0.03481598366742292,0.5233981432265903,0.2186083011665057,1.8752031436290517,0.204238398050784
1024,15,RONPO-stochastic,0.2563597455383429,0.0265325781427882,0.5245515659509753,0.24866452833690333,1.8095702595282541,0.26987128215158157
2048,15,RONPO-stochastic,0.25522737496846093,0.027664948712670168,0.521143031377339,0.24640277814944503,1.8274658395823362,0.25197570209749987
4096,15,RONPO-stochastic,0.25007528432739023,0.03281703935374086,0.5233845519478252,0.26039917681135694,1.826499113700593,0.25294242797924277
exact,16,RONPO-exact,0.28799635494728776,0.00472886027311753,0.5308367988586987,0.34038276124288763,1.3873125592012399,0.6921289824785963
8,16,RONPO-stochastic,0.22543720356832014,0.06728801165208514,0.4991707884137127,0.05836464267638877,1.8928513676021566,0.18659017407767903
16,16,RONPO-stochastic,0.19024066423290778,0.10248455098749751,0.5055331500906518,0.11888644453884938,2.004058620529425,0.07538292115041086
32,16,RONPO-stochastic,0.18357136538412988,0.10915384983627541,0.5119245874671159,0.2941099637047574,1.8471007531942627,0.23234078848557319
64,16,RONPO-stochastic,0.24346124994763155,0.04926396527277374,0.5179978029521888,0.19301436756520296,1.892683508266404,0.18675803341343183
128,16,RONPO-stochastic,0.23895503519904301,0.053770180021362274,0.5144003724166336,0.22909094915630715,1.8594423765285908,0.21999916515124485
256,16,RONPO-stochastic,0.24147853982991233,0.05124667539049296,0.5177212259888163,0.23469454016882946,1.886305277098713,0.19313626458112285
512,16,RONPO-stochastic,0.24384001427755986,0.04888520094284543,0.5174026494234778,0.2422479754854608,1.88766293675446,0.19177860492537596
1024,16,RONPO-stochastic,0.24395646967721543,0.048768745543189856,0.5187295076870725,0.2330869964413384,1.897254800907141,0.1821867407726947
2048,16,RONPO-stochastic,0.2555731793893702,0.0371520358310351,0.5228163817253831,0.26456807901942087,1.7879795211698892,0.29146202050994663
4096,16,RONPO-stochastic,0.252232120443385,0.04049309477702029,0.5206046701348468,0.25100846759842,1.8326553488542667,0.24678619282556902
exact,17,RONPO-exact,0.2881835899941231,0.0401075481650805,0.5354269798668227,0.34047400051374027,1.3852522250428665,0.6941893166369694
8,17,RONPO-stochastic,0.21097596460676435,0.11731517355243923,0.5036321564814182,0.15482299339963682,1.9707342584872478,0.10870728319258818
16,17,RONPO-stochastic,0.1760558609167177,0.15223527724248587,0.5171099893697139,0.43584278861084497,1.7134468986368758,0.36599464304296003
32,17,RONPO-stochastic,0.22978246375846811,0.09850867440073546,0.5182125763613462,0.19865691601796284,1.9392921064269284,0.1401494352529073
64,17,RONPO-stochastic,0.2489870582922741,0.07930407986692947,0.5148941975065381,0.18983786357962998,1.9178684352232314,0.16157310645660444
128,17,RONPO-stochastic,0.22496648531593058,0.103324652843273,0.5118224415744456,0.24336268308154035,1.9140009873502017,0.165440554329634
256,17,RONPO-stochastic,0.24951228460942926,0.07877885354977432,0.5149813459471125,0.2252199968760943,1.8918991267136667,0.18754241496616894
512,17,RONPO-stochastic,0.24734738493066805,0.08094375322853553,0.5230702741576514,0.26513563137347196,1.8228275848995779,0.2566139567802574
1024,17,RONPO-stochastic,0.24910563635808122,0.07918550180112235,0.5222727562055782,0.25183622081200274,1.84750756869428,0.23193397298555557
2048,17,RONPO-stochastic,0.250148036909818,0.07814310124938556,0.5243039135432263,0.2474329198430778,1.8415498878562087,0.2378916538236267
4096,17,RONPO-stochastic,0.24717301290494614,0.08111812525425743,0.5222931274229078,0.2423135677455209,1.8701999222353365,0.20924161944449948
exact,18,RONPO-exact,0.28813791961474844,0.007798328438137547,0.532829903479246,0.34047759295420404,1.3862686008261411,0.6931729408536945
8,18,RONPO-stochastic,0.17926918821243334,0.11666705984045264,0.5139206385221146,0.2638832167976539,1.9269205769658373,0.1525209647139984
16,18,RONPO-stochastic,0.23069760807610645,0.06523863997677953,0.5126453456579835,0.25635711232601444,1.7719955184766127,0.3074460232032232
32,18,RONPO-stochastic,0.18117360926341042,0.11476263878947557,0.5002279408587592,0.2017819877140868,1.9395440241298258,0.13989751755000993
64,18,RONPO-stochastic,0.266836531918485,0.029099716134400988,0.5159589375690512,0.17621916696164697,1.85056488691471,0.22887665476512548
128,18,RONPO-stochastic,0.24031272731087364,0.05562352074201235,0.5139780950889054,0.24189877340837623,1.8946210931317193,0.18482044854811647
256,18,RONPO-stochastic,0.25575815060151263,0.04017809745137335,0.5222233580293202,0.24670918469170172,1.7800026850973572,0.2994388565824785
512,18,RONPO-stochastic,0.2631220824797086,0.0328141655731774,0.5234538096844309,0.2479772736191282,1.781684785476451,0.297756756203385
1024,18,RONPO-stochastic,0.2503451138024472,0.045591134250438814,0.5214698310213572,0.2386716450558969,1.853917031826175,0.22552450985366088
2048,18,RONPO-stochastic,0.2556608889186975,0.040275359134188504,0.5224520182156174,0.2562499404453926,1.808933128859548,0.2705084128202873
4096,18,RONPO-stochastic,0.24978090844517106,0.046155339607714924,0.5208375301672912,0.25167995054705666,1.8463452409802592,0.2330963006995764
exact,19,RONPO-exact,0.28819955829005467,0.013159278735272173,0.5352300690944773,0.3405307308324051,1.3852790571124751,0.6941624845673606
8,19,RONPO-stochastic,0.14980660240554666,0.15155223461978018,0.5024826890911074,0.35027803588880724,1.53790028393592,0.5415412577439159
16,19,RONPO-stochastic,0.21262810674645338,0.08873073027887346,0.5138766006878203,0.25476392668963627,1.8966747757095566,0.18276676597027924
32,19,RONPO-stochastic,0.1945856768932234,0.10677316013210345,0.5071523629754332,0.25301884183934453,1.9322724338961188,0.14716910778371714
64,19,RONPO-stochastic,0.24576350452199427,0.05559533250333257,0.5138126900382881,0.2408160495287035,1.7761930782190953,0.3032484634607403
128,19,RONPO-stochastic,0.2668839702587418,0.034474866766585066,0.5185263601075092,0.21746519963082647,1.800126152730433,0.2793153889494028
256,19,RONPO-stochastic,0.262958196676135,0.03840064034919183,0.5261834122209915,0.3108812055349646,1.6347025314959582,0.4447390101838774
512,19,RONPO-stochastic,0.25280621441027923,0.048552622615047614,0.5229705895154741,0.23640778312372,1.8398510091530573,0.2395905325267786
1024,19,RONPO-stochastic,0.2503338903508807,0.051024946674446126,0.5234436952384828,0.2296080455199643,1.8658196565918566,0.2136218850879792
2048,19,RONPO-stochastic,0.25402528218245685,0.047333554842869996,0.5235755528679186,0.25861527606703305,1.8120300705392378,0.26741147114059804
4096,19,RONPO-stochastic,0.2499084064537681,0.051450430571558736,0.5210839581795049,0.24729072538116506,1.857012295450604,0.22242924622923163
