decoy_bad,seed,method,worst_case,robust_gap,avg_ref,decoy_mass,entropy,kl_to_ref,robust_opt_value
0.02,0,SPPO-avg,0.02431984869910875,0.27309439574067834,0.5236690354168531,0.988127300881321,0.07478928139549623,2.0046522602843395,0.2974142444397871
0.02,0,INPO-avg,0.2122330797265664,0.08518116471322068,0.5290391454320172,0.2430682513399359,1.8181146238808057,0.26132691779903006,0.2974142444397871
0.02,0,MNPO-hist-avg,0.20863004072781188,0.08878420371197521,0.51186915084754,0.14642879172414847,2.044230153353333,0.03521138832650292,0.2974142444397871
0.02,0,HT-MNPO-mix,0.21190133233955272,0.08551291210023437,0.5294767890684567,0.2313418907613384,1.8196392630559726,0.25980227862386324,0.2974142444397871
0.02,0,RONPO,0.2809696831580057,0.0164445612817814,0.5301506535704429,0.3146082128566051,1.4244396866811253,0.6550018549987103,0.2974142444397871
0.02,1,SPPO-avg,0.022805435901618296,0.2736191553507433,0.5236966460888747,0.9881185401824512,0.07467213746821547,2.00476940421162,0.29642459125236165
0.02,1,INPO-avg,0.20531527943323963,0.09110931181912202,0.5305403057186463,0.24527040209685502,1.8079216821808204,0.27151985949901486,0.29642459125236165
0.02,1,MNPO-hist-avg,0.2091463475301168,0.08727824372224485,0.512685471601738,0.14660665851509966,2.0420138383160458,0.037427703363790005,0.29642459125236165
0.02,1,HT-MNPO-mix,0.20405225285525602,0.09237233839710562,0.5308968245256326,0.23393690122403601,1.8076708522457756,0.2717706894340601,0.29642459125236165
0.02,1,RONPO,0.2810792090619134,0.015345382190448231,0.5323428039577255,0.3147206937598613,1.423363077389751,0.656078464290085,0.29642459125236165
0.02,2,SPPO-avg,0.022281130989003962,0.29035225469766623,0.5237094077723811,0.9881358272912989,0.07388845527661432,2.0055530864032214,0.3126333856866702
0.02,2,INPO-avg,0.19407631374213768,0.11855707194453252,0.5281611505117115,0.24205911967553467,1.8228134980250132,0.25662804365482283,0.3126333856866702
0.02,2,MNPO-hist-avg,0.2050566124104201,0.10757677327625009,0.5110297717401239,0.14623332788072604,2.0465981910103634,0.0328433506694725,0.3126333856866702
0.02,2,HT-MNPO-mix,0.1923817553571964,0.12025163032947381,0.5286606665415833,0.23168000603898997,1.8191819259452753,0.26025961573456036,0.3126333856866702
0.02,2,RONPO,0.28077986376823877,0.03185352191843144,0.5257495822539511,0.3144146471883661,1.4266101383370091,0.6528314033428266,0.3126333856866702
0.02,3,SPPO-avg,0.0225790476418185,0.2724371687594577,0.5237053503122474,0.988136624560108,0.07390697744747343,2.0055345642323625,0.29501621640127623
0.02,3,INPO-avg,0.19981496725477735,0.09520124914649888,0.5280641851465349,0.2417834456778509,1.824099948121603,0.2553415935582328,0.29501621640127623
0.02,3,MNPO-hist-avg,0.2055454378061962,0.08947077859508004,0.5110458066450702,0.14623439791775783,2.046571495119081,0.03287004656075469,0.29501621640127623
0.02,3,HT-MNPO-mix,0.1985769826478086,0.09643923375346763,0.5287009265905468,0.2314599823017037,1.8198997464270925,0.2595417952527435,0.29501621640127623
0.02,3,RONPO,0.2807950691032979,0.014221147297978354,0.5256930624691326,0.31442155901575863,1.4267031797447063,0.6527383619351291,0.29501621640127623
0.02,4,SPPO-avg,0.02235612097851214,0.2975691990200694,0.5236492482703626,0.9881367375827901,0.07484646690428855,2.0045950747755468,0.31992531999858154
0.02,4,INPO-avg,0.19708788938884195,0.12283743060973959,0.5284545374575246,0.24224806755206624,1.8219323452002436,0.25750919647959203,0.31992531999858154
0.02,4,MNPO-hist-avg,0.2073417375929782,0.11258358240560334,0.5114356259098556,0.14632413242550546,2.045478779401008,0.033962762278828246,0.31992531999858154
0.02,4,HT-MNPO-mix,0.1952891583371592,0.12463616166142233,0.5287814832786114,0.23149590463754288,1.8192997532200539,0.2601417884597822,0.31992531999858154
0.02,4,RONPO,0.2809795426098988,0.03894577738868271,0.5300491627014848,0.31458805110699095,1.4247264562876831,0.6547150853921527,0.31992531999858154
0.02,5,SPPO-avg,0.022327499201210316,0.28348477829427393,0.5236565498612807,0.9881398313290016,0.07490646313175259,2.0045350785480833,0.30581227749548423
0.02,5,INPO-avg,0.19608993876920375,0.10972233872628048,0.5285014627692992,0.24165008997999088,1.8247224423270367,0.25471909935279896,0.30581227749548423
0.02,5,MNPO-hist-avg,0.20617646827253222,0.09963580922295201,0.5116125405098599,0.14635578838539745,2.04504611219528,0.03439542948455633,0.30581227749548423
0.02,5,HT-MNPO-mix,0.19433707802847572,0.11147519946700851,0.5289835215290866,0.23115301926591914,1.8205374239980414,0.2589041176817941,0.30581227749548423
0.02,5,RONPO,0.28091352710093664,0.024898750394547586,0.5278775670545521,0.3145697982444841,1.425439345689508,0.6540021959903273,0.30581227749548423
0.02,6,SPPO-avg,0.022269304250854088,0.2682923177400142,0.5237333311689232,0.9881114137385957,0.07417753316215887,2.0052640085176767,0.2905616219908683
0.02,6,INPO-avg,0.19329238159767986,0.09726924039318846,0.5309841843590323,0.24650824316624187,1.8022276338149563,0.27721390786487904,0.2905616219908683
0.02,6,MNPO-hist-avg,0.2049923963592134,0.08556922563165492,0.5126584233393737,0.14661996370133523,2.0419538426928283,0.03748769898700753,0.2905616219908683
0.02,6,HT-MNPO-mix,0.1914300276511275,0.09913159433974084,0.5317576049749001,0.23673411403545053,1.794973039752206,0.28446850192763007,0.2905616219908683
0.02,6,RONPO,0.2808356529436017,0.009725969047266636,0.5258758443202443,0.31448357882856826,1.426096424471818,0.6533451172080179,0.2905616219908683
0.02,7,SPPO-avg,0.024044335881028972,0.2724561931310031,0.5235950553233076,0.9881439881284857,0.07534404697229236,2.0040974947075436,0.29650052901203205
0.02,7,INPO-avg,0.20753815135939688,0.08896237765263518,0.5265505865762025,0.2390721356859617,1.8368219486952184,0.24261959298461733,0.29650052901203205
0.02,7,MNPO-hist-avg,0.20519096658705516,0.0913095624249769,0.5106380659190753,0.14614216325615237,2.047703523103791,0.031738018576044774,0.29650052901203205
0.02,7,HT-MNPO-mix,0.20715832810537788,0.08934220090665418,0.5272591939361319,0.22833171941227756,1.834410213038527,0.24503132864130886,0.29650052901203205
0.02,7,RONPO,0.28075006057724133,0.01575046843479072,0.5234717616171332,0.3143592424927261,1.427361710445272,0.6520798312345635,0.29650052901203205
0.02,8,SPPO-avg,0.022235569461860116,0.27081533295466786,0.5238978082934552,0.9880275266691545,0.07409588137959917,2.0053456603002364,0.293050902416528
0.02,8,INPO-avg,0.19041328381722192,0.10263761859930606,0.5395137979739985,0.261365262820506,1.7357808642415367,0.3436606774382992,0.293050902416528
0.02,8,MNPO-hist-avg,0.20554035932424683,0.08751054309228115,0.5172014169744195,0.14778496511162315,2.028438808595709,0.05100273308412687,0.293050902416528
0.02,8,HT-MNPO-mix,0.18830444717455241,0.10474645524197557,0.5406387789939527,0.2523507868254586,1.7250254458322924,0.3544160958475432,0.293050902416528
0.02,8,RONPO,0.2808858283531641,0.012165074063363868,0.5285751009189127,0.31449631761561675,1.4251405512859838,0.6543009903938515,0.293050902416528
0.02,9,SPPO-avg,0.023159204884201944,0.2672699025055359,0.5236666741299786,0.9881407852620888,0.07724629297938822,2.0021952487004477,0.2904291073897378
0.02,9,INPO-avg,0.20169042221632744,0.08873868517341038,0.529473060622801,0.24389597306061025,1.8142735528366758,0.2651679888431602,0.2904291073897378
0.02,9,MNPO-hist-avg,0.20572237892885414,0.08470672846088367,0.5119859156672516,0.1464658623041955,2.043832157250686,0.035609384429149515,0.2904291073897378
0.02,9,HT-MNPO-mix,0.20057505033929873,0.08985405705043908,0.5302261629947252,0.2333229256274059,1.8096987870858237,0.26974275459401215,0.2904291073897378
0.02,9,RONPO,0.2808434225386728,0.009585684851065035,0.525795933188243,0.3145000095447917,1.4260104406421417,0.6534311010376942,0.2904291073897378
0.04,0,SPPO-avg,0.04077330304046675,0.2652072182629196,0.5292188134470708,0.9975834448559499,0.01930898774714474,2.060132553932691,0.3059805213033864
0.04,0,INPO-avg,0.21066235861416804,0.09531816268921833,0.5292606049525622,0.26589560767141035,1.8140589522439836,0.2653825894358522,0.3059805213033864
0.04,0,MNPO-hist-avg,0.2104824752625296,0.09549804604085677,0.5120615844720974,0.15146265162737443,2.043708270689807,0.03573327099002918,0.3059805213033864
0.04,0,HT-MNPO-mix,0.2100324374961608,0.09594808380722558,0.5296070865492498,0.2541186940354054,1.8173292046116696,0.2621123370681661,0.3059805213033864
0.04,0,RONPO,0.2844177746539998,0.021562746649386566,0.5315800249598855,0.3272047830690792,1.4056875813973175,0.6737539602825181,0.3059805213033864
0.04,1,SPPO-avg,0.04055299612769773,0.24156067734538514,0.5292233782928595,0.9975816280076658,0.019300047356514312,2.0601414943233216,0.28211367347308286
0.04,1,INPO-avg,0.2045104553826356,0.07760321809044726,0.5307064787304424,0.26813678900815174,1.8041720825861765,0.27526945909365913,0.28211367347308286
0.04,1,MNPO-hist-avg,0.2110005709106139,0.07111310256246897,0.5128712005675392,0.1516434472994559,2.0415148489180277,0.037926692761807795,0.28211367347308286
0.04,1,HT-MNPO-mix,0.2030135524936369,0.07910012097944596,0.5309755804496865,0.25677116757150165,1.8057017015677141,0.2737398401121217,0.28211367347308286
0.04,1,RONPO,0.28452794529433983,-0.0024142718212569747,0.5337593493123812,0.3273142192269297,1.4046075015812955,0.6748340400985404,0.28211367347308286
0.04,2,SPPO-avg,0.04044030961781515,0.2632086753730543,0.5292239318790614,0.997585212642119,0.01915468404573419,2.060286857634102,0.30364898499086945
0.04,2,INPO-avg,0.19394252084270835,0.1097064641481611,0.528382479781057,0.26478101482906763,1.8190032907994005,0.26043825088043543,0.30364898499086945
0.04,2,MNPO-hist-avg,0.20695155043018265,0.0966974345606868,0.511228771692412,0.1512639239248462,2.046052360059681,0.03338918162015493,0.30364898499086945
0.04,2,HT-MNPO-mix,0.19204128992324226,0.11160769506762719,0.5287992859893698,0.2543930664903429,1.8171014627006032,0.26234007897923267,0.30364898499086945
0.04,2,RONPO,0.28422635794498696,0.01942262704588249,0.5271932126545251,0.3270204523685594,1.4078567880094899,0.671584753670346,0.30364898499086945
0.04,3,SPPO-avg,0.040501884921779405,0.25098740300839506,0.5292231021104219,0.9975853904672191,0.019160664046115335,2.060280877633721,0.2914892879301745
0.04,3,INPO-avg,0.19918934272947378,0.0922999452007007,0.5282930548012115,0.2645115235339808,1.8202011622265504,0.25924037945328554,0.2914892879301745
0.04,3,MNPO-hist-avg,0.2074318340304408,0.08405745389973368,0.5112447740266866,0.15126505314537084,2.0460255116214294,0.03341603005840611,0.2914892879301745
0.04,3,HT-MNPO-mix,0.19771375770010985,0.09377553023006463,0.5288505853149558,0.25420490412009383,1.8176451758527108,0.2617963658271249,0.2914892879301745
0.04,3,RONPO,0.2842414708958605,0.007247817034313986,0.5271327765525682,0.32703164855930345,1.4079385994412215,0.6715029422386143,0.2914892879301745
0.04,4,SPPO-avg,0.04045948289786045,0.27136831617037294,0.5292145459172967,0.9975853897640804,0.01932372018252276,2.0601178214973133,0.3118277990682334
0.04,4,INPO-avg,0.19688112640310967,0.1149466726651237,0.528690214737279,0.2650289529658268,1.8179018588087856,0.26153968287105006,0.3118277990682334
0.04,4,MNPO-hist-avg,0.20921521042340255,0.10261258864483083,0.5116314866715536,0.15135629007750104,2.0449438809965645,0.034497660683270814,0.3118277990682334
0.04,4,HT-MNPO-mix,0.19487787329567596,0.11694992577255742,0.5289360197716602,0.2542574636672242,1.8170242444133042,0.26241729726653135,0.3118277990682334
0.04,4,RONPO,0.28442707638482684,0.027400722683406542,0.5314737076121863,0.32718582741697355,1.4059740893426982,0.6734674523371375,0.3118277990682334
0.04,5,SPPO-avg,0.040452010419677505,0.27812806139158597,0.5292159087372785,0.9975859998362546,0.01934008211963512,2.0601014595601996,0.31858007181126347
0.04,5,INPO-avg,0.19585856007661565,0.12272151173464782,0.5287429180081623,0.26448014114478485,1.8203403489885552,0.25910119269128074,0.31858007181126347
0.04,5,MNPO-hist-avg,0.20806181268012044,0.11051825913114302,0.5118071667122012,0.15138857683871204,2.0445146057495824,0.03492693593025348,0.31858007181126347
0.04,5,HT-MNPO-mix,0.19388857187081177,0.1246914999404517,0.5291508017247603,0.254006789374331,1.817793590142347,0.26164795153748843,0.31858007181126347
0.04,5,RONPO,0.28436124357347736,0.0342188282377861,0.5293056611159673,0.32717777506209506,1.406658231108381,0.6727833105714547,0.31858007181126347
0.04,6,SPPO-avg,0.04043703646671926,0.2513136957440558,0.5292297368375662,0.9975801585614016,0.019212215374478682,2.0602293263053566,0.2917507322107751
0.04,6,INPO-avg,0.19321242024152,0.09853831196925508,0.531116696104949,0.26934305622422394,1.7988795639171118,0.28056197776272407,0.2917507322107751
0.04,6,MNPO-hist-avg,0.2068932749196688,0.08485745729110628,0.5128438467214117,0.15165676388685714,2.041457731358735,0.037983810321100694,0.2917507322107751
0.04,6,HT-MNPO-mix,0.19114378035679244,0.10060695185398263,0.5318125494112168,0.25964573764031007,1.7932906248034366,0.2861509168763995,0.2917507322107751
0.04,6,RONPO,0.28428242455950703,0.007468307651268047,0.5273036688523939,0.3270978926400136,1.407313554973247,0.6721279867065889,0.2917507322107751
0.04,7,SPPO-avg,0.0407153126469257,0.25128278096383766,0.5292070633183554,0.9975869595813789,0.01937531925766852,2.0600662224221673,0.29199809361076334
0.04,7,INPO-avg,0.20610066253581275,0.0858974310749506,0.5268803819796107,0.261851061231445,1.8320821317220464,0.24735940995778913,0.29199809361076334
0.04,7,MNPO-hist-avg,0.2070742501026576,0.08492384350810575,0.510840601570004,0.1511713940172585,2.047144870355957,0.032296671323878784,0.29199809361076334
0.04,7,HT-MNPO-mix,0.2054146749296279,0.08658341868113545,0.5275171324756037,0.25113333127992793,1.8311481351613415,0.24829340651849438,0.29199809361076334
0.04,7,RONPO,0.284195427540033,0.007802666070730324,0.5249215527433956,0.3269775299351706,1.408577606215336,0.6708639354645003,0.29199809361076334
0.04,8,SPPO-avg,0.04042745480277723,0.250308975889546,0.5292623132479887,0.9975626819398538,0.019219277465453623,2.0602222642143824,0.2907364306923232
0.04,8,INPO-avg,0.19057349749882138,0.10016293319350181,0.5393409943021108,0.2844575877587,1.7342047941926326,0.3452367474872033,0.2907364306923232
0.04,8,MNPO-hist-avg,0.2074541311838228,0.08328229950850038,0.517346931849379,0.1528395899919926,2.0280956715274376,0.05134587015239811,0.2907364306923232
0.04,8,HT-MNPO-mix,0.18827213594531877,0.10246429474700441,0.5403784737138165,0.2756294765744531,1.7251988049617646,0.3542427367180713,0.2907364306923232
0.04,8,RONPO,0.284332534430552,0.00640389626177118,0.5299643271679307,0.3271019821134492,1.4063897443141085,0.6730517973657277,0.2907364306923232
0.04,9,SPPO-avg,0.040583589150094794,0.2530101390127267,0.5292187547189713,0.9975849339183742,0.019603481899687802,2.0598380597801476,0.2935937281628215
0.04,9,INPO-avg,0.2008741019311693,0.09271962623165217,0.5296779137664479,0.26674039666241856,1.8103236293397549,0.26911791234008076,0.2935937281628215
0.04,9,MNPO-hist-avg,0.20760867978155326,0.08598504838126822,0.5121769976715537,0.15150019694942063,2.043315912584113,0.0361256290957227,0.2935937281628215
0.04,9,HT-MNPO-mix,0.19949527062906686,0.09409845753375462,0.5303497731646487,0.2562296235485641,1.8073850967871863,0.2720564448926493,0.2935937281628215
0.04,9,RONPO,0.28429026673716046,0.00930346142566102,0.5272303514988694,0.32711395351374706,1.407224083793075,0.6722174578867606,0.2935937281628215
0.06,0,SPPO-avg,0.060138144283542895,0.23383567782826156,0.5350071244273672,0.9995118192397685,0.0047151696397795834,2.074726372040057,0.29397382211180445
0.06,0,INPO-avg,0.20976186260731233,0.08421195950449212,0.5297847223723099,0.2899150074217744,1.8062397407687247,0.2732018009111111,0.29397382211180445
0.06,0,MNPO-hist-avg,0.21250986806307268,0.08146395404873177,0.5123240693801393,0.15663697098352852,2.0429612444212912,0.03648029725854414,0.29397382211180445
0.06,0,HT-MNPO-mix,0.20883977955958166,0.08513404255222279,0.5300349749960297,0.27822225930352185,1.8112236263194277,0.26821791536040807,0.29397382211180445
0.06,0,RONPO,0.2880738378984683,0.005899984213336151,0.5331709305917297,0.34037595867270615,1.3864971357761648,0.6929444059036713,0.29397382211180445
0.06,1,SPPO-avg,0.06010560355779079,0.25826344366303455,0.5350079199121142,0.9995114497903016,0.004715645372801645,2.0747258963070347,0.3183690472208254
0.06,1,INPO-avg,0.2043607141126152,0.11400833310821018,0.5311731528382854,0.29217458005699815,1.7966692354333589,0.2827723062464766,0.3183690472208254
0.06,1,MNPO-hist-avg,0.21302977420096997,0.1053392730198554,0.513126830871618,0.15682059321603228,2.0407910809402137,0.03865046073962192,0.3183690472208254
0.06,1,HT-MNPO-mix,0.20264351652261223,0.11572553069821315,0.5313513733334722,0.28090357447584136,1.7999601367088902,0.27948140497094526,0.3183690472208254
0.06,1,RONPO,0.28818439191804573,0.03018465530277964,0.5353336503089224,0.3404815944510144,1.385417909718992,0.6940236319608435,0.3183690472208254
0.06,2,SPPO-avg,0.060083147667393956,0.26504158767293046,0.5350077295285006,0.9995121945265537,0.004689155265367158,2.074752386414468,0.32512473534032443
0.06,2,INPO-avg,0.19447205439016704,0.1306526809501574,0.5289085239299304,0.28869961565652585,1.811413900367787,0.26802764131204904,0.32512473534032443
0.06,2,MNPO-hist-avg,0.20902219143868733,0.1161025439016371,0.5114979758794614,0.15643509022240568,2.0452809925771156,0.03416054910272001,0.32512473534032443
0.06,2,HT-MNPO-mix,0.19238103077416144,0.132743704566163,0.5292378462485674,0.2784138809229614,1.811263210406493,0.26817833127334306,0.32512473534032443
0.06,2,RONPO,0.28788141899178565,0.03724331634853878,0.5288059453569406,0.34020210666874906,1.3886570319805136,0.6907845096993225,0.32512473534032443
0.06,3,SPPO-avg,0.06009483165413223,0.24489949474423087,0.5350075700029543,0.9995122328137683,0.00469075520925637,2.074750786470579,0.3049943263983631
0.06,3,INPO-avg,0.19922711291910947,0.10576721347925364,0.5288268081300304,0.2884404269505044,1.8125193372879262,0.26692220439190967,0.3049943263983631
0.06,3,MNPO-hist-avg,0.20949380478392685,0.09550052161443626,0.5115139431535061,0.15643628025259354,2.0452539964380447,0.03418754524179077,0.3049943263983631
0.06,3,HT-MNPO-mix,0.19752867870115423,0.10746564769720887,0.529299361111213,0.27826559290239156,1.8116261874996715,0.2678153541801642,0.3049943263983631
0.06,3,RONPO,0.2878965321256255,0.01709779427273761,0.5287413350064663,0.3402175188068385,1.388727219600707,0.6907143220791285,0.3049943263983631
0.06,4,SPPO-avg,0.06008758998539833,0.25426337695422796,0.5350062650885254,0.9995122150799233,0.004718180184949558,2.0747233614948866,0.3143509669396263
0.06,4,INPO-avg,0.19732854521989276,0.11702242171973351,0.5292291710045922,0.2890086225546455,1.8100966739334794,0.2693448677463564,0.3143509669396263
0.06,4,MNPO-hist-avg,0.21126391115613613,0.10308705578349014,0.5118974773268791,0.15652896891574786,2.0441836336057966,0.035257908074038724,0.3143509669396263
0.06,4,HT-MNPO-mix,0.1951379035762065,0.11921306336341977,0.5293908070630002,0.27833563624240326,1.8109833774394162,0.2684581642404194,0.3143509669396263
0.06,4,RONPO,0.2880826626576196,0.02626830428200666,0.5330594546120632,0.3403581266710806,1.3867829902575677,0.6926585514222683,0.3143509669396263
0.06,5,SPPO-avg,0.06008579712642311,0.24162331654486316,0.5350064883946142,0.9995123273525833,0.004722453628175621,2.07471908805166,0.3017091136712863
0.06,5,INPO-avg,0.19628670618978353,0.10542240748150275,0.5292877294167962,0.2885179848409058,1.812188032436537,0.2672535092432986,0.3017091136712863
0.06,5,MNPO-hist-avg,0.210122687705186,0.09158642596610028,0.5120718913789731,0.1565618741302465,2.0437578231959326,0.0356837184839031,0.3017091136712863
0.06,5,HT-MNPO-mix,0.1941180726864369,0.10759104098484937,0.5296174071916543,0.27818691783081434,1.8112973290553434,0.26814421262449223,0.3017091136712863
0.06,5,RONPO,0.2880172939783189,0.0136918196929674,0.5308988997361727,0.3403607874819953,1.38743494001377,0.6920066016660658,0.3017091136712863
0.06,6,SPPO-avg,0.06008236429793176,0.23395881697927104,0.5350090417107553,0.9995111593592378,0.004700140225536493,2.074741401454299,0.2940411812772028
0.06,6,INPO-avg,0.19380740940328345,0.10023377187391935,0.5315494445682518,0.29333325348467637,1.791784694454485,0.2876568472253503,0.2940411812772028
0.06,6,MNPO-hist-avg,0.20897014088945526,0.08507104038774754,0.513099173372996,0.15683390199467936,2.0407368517521154,0.03870468992772036,0.2940411812772028
0.06,6,HT-MNPO-mix,0.19155451836703777,0.10248666291016503,0.5321618790878356,0.2838173715913443,1.7878931694802722,0.29154837219956364,0.2940411812772028
0.06,6,RONPO,0.28793779105914735,0.006103390218055449,0.5289011738367172,0.340288194809407,1.388083738490884,0.6913578031889518,0.2940411812772028
0.06,7,SPPO-avg,0.0601265165250651,0.2463349520343094,0.535005168920872,0.9995125432012975,0.004721951894820492,2.074719589785015,0.3064614685593745
0.06,7,INPO-avg,0.20533726326646748,0.10112420529290703,0.5275149352672495,0.2858621092278709,1.8235590923045608,0.2558824493752747,0.3064614685593745
0.06,7,MNPO-hist-avg,0.20913310506344496,0.09732836349592955,0.5111134140616366,0.15634125458183504,2.0463605030647436,0.033081038615092165,0.3064614685593745
0.06,7,HT-MNPO-mix,0.20435355988286688,0.10210790867650762,0.5280726498517032,0.2752954568012051,1.824105535280105,0.25533600639973086,0.3064614685593745
0.06,7,RONPO,0.2878496890460545,0.018611779513319993,0.5265437964668142,0.34017264361086297,1.389341474471963,0.6901000672078731,0.3064614685593745
0.06,8,SPPO-avg,0.060080046044398115,0.23782362219724548,0.5350155283205847,0.9995075754085825,0.004704120440134314,2.0747374212397016,0.2979036682416436
0.06,8,INPO-avg,0.19144677421654632,0.10645689402509728,0.5394568411462405,0.30855788306130144,1.7290042387394335,0.3504373029404023,0.2979036682416436
0.06,8,MNPO-hist-avg,0.2095445652991988,0.08835910294244481,0.5175615055001758,0.15803380821530608,2.0275299810137852,0.05191156066605063,0.2979036682416436
0.06,8,HT-MNPO-mix,0.188983224591031,0.1089204436506126,0.5403997292782196,0.3000017961805799,1.7217746523703672,0.35766688930946866,0.2979036682416436
0.06,8,RONPO,0.2879875605006032,0.009916107741040403,0.5315218290568107,0.34028310830465086,1.387195784742417,0.6922457569374187,0.2979036682416436
0.06,9,SPPO-avg,0.06010660378208475,0.2323714999398735,0.5350072038728015,0.9995119540502571,0.004750670026791814,2.074690871653044,0.29247810372195826
0.06,9,INPO-avg,0.20073203909216594,0.09174606462979232,0.5301842170516841,0.2907662564581011,1.8026268762237876,0.27681466545604855,0.29247810372195826
0.06,9,MNPO-hist-avg,0.20967066727293826,0.08280743644902,0.5124381066739047,0.15667496199851402,2.042574592326801,0.036866949353035,0.29247810372195826
0.06,9,HT-MNPO-mix,0.19910647252858493,0.09337163119337333,0.5307684376954426,0.2804360348928995,1.8013360338338484,0.2781055078459874,0.29247810372195826
0.06,9,RONPO,0.28794566919394876,0.004532434528009499,0.5288340753979691,0.3403039038762297,1.3879909174278047,0.6914506242520309,0.29247810372195826
0.1,0,SPPO-avg,0.10000438196011815,0.21536014626611463,0.5466666629852485,0.9999801429992001,0.00025764457451301736,2.0791838971053234,0.3153645282262328
0.1,0,INPO-avg,0.21037036777116833,0.10499416045506446,0.531856780122268,0.3412165032101804,1.7779441152291668,0.30149742645066874,0.3153645282262328
0.1,0,MNPO-hist-avg,0.2171224788848322,0.0982420493414006,0.5130708404169511,0.16741372183961403,2.0407442215682856,0.038697320111549915,0.3153645282262328
0.1,0,HT-MNPO-mix,0.20892682583768848,0.1064377023885443,0.5319117839421977,0.3300823766575056,1.786034935303004,0.2934066063768317,0.3153645282262328
0.1,0,RONPO,0.2960728431695112,0.019291685056721575,0.536878845082011,0.36855402174507634,1.3468192762480924,0.7326222654317432,0.3153645282262328
0.1,1,SPPO-avg,0.10000363059407076,0.17600210130222188,0.5466666907383338,0.9999801277919682,0.0002577765621751786,2.0791837651176603,0.2760057318962926
0.1,1,INPO-avg,0.20638638871836154,0.06961934317793109,0.5331236915616754,0.3434460965440503,1.7690538470485335,0.31038769463130256,0.2760057318962926
0.1,1,MNPO-hist-avg,0.2176460283894108,0.05835970350688183,0.5138594342765913,0.16760264724160379,2.038621684697059,0.04081985698277604,0.2760057318962926
0.1,1,HT-MNPO-mix,0.20430541201142224,0.07170031988487038,0.5331212675676501,0.3327290229480409,1.7755858963723465,0.30385564530748926,0.2760057318962926
0.1,1,RONPO,0.29618328368871516,-0.020177551792422532,0.5389957990659585,0.36864975707711667,1.345755724807408,0.7336858168724277,0.2760057318962926
0.1,2,SPPO-avg,0.10000280933474974,0.19229621729972407,0.5466666657052901,0.9999801602739858,0.00025690867574314566,2.079184633004093,0.2922990266344738
0.1,2,INPO-avg,0.1978600493180019,0.09443897731647191,0.5309925782131731,0.3398296333801599,1.7834972278510368,0.295944313828799,0.2922990266344738
0.1,2,MNPO-hist-avg,0.21372349205949495,0.07857553457497887,0.5122586557131331,0.16720591517073077,2.0430140876915046,0.03642745398833122,0.2922990266344738
0.1,2,HT-MNPO-mix,0.19547265643191572,0.0968263702025581,0.5311429461876135,0.3300620921419315,1.7867030947200695,0.2927384469597663,0.2922990266344738
0.1,2,RONPO,0.2958804394555363,-0.003581412821062502,0.532582512069666,0.368404581562427,1.3489353166545044,0.730506225025331,0.2922990266344738
0.1,3,SPPO-avg,0.10000319030566512,0.20196460018788426,0.5466666600524887,0.9999801618129524,0.0002569894544577763,2.0791845522253785,0.3019677904935494
0.1,3,INPO-avg,0.20165492819954942,0.10031286229399997,0.5309266529008182,0.33960258985942315,1.7844076456824312,0.29503389599740437,0.3019677904935494
0.1,3,MNPO-hist-avg,0.21417740173284397,0.08779038876070541,0.5122745448556114,0.1672072312526293,2.042986813008096,0.036454728671740044,0.3019677904935494
0.1,3,HT-MNPO-mix,0.1995913519083315,0.10237643858521789,0.5312220931539359,0.330011684104935,1.786695942595229,0.2927455990846069,0.3019677904935494
0.1,3,RONPO,0.2958958475659051,0.0060719429276442916,0.5325086745168774,0.36842784277191515,1.3489821456166071,0.7304593960632286,0.3019677904935494
0.1,4,SPPO-avg,0.10000301588896335,0.1755088233473616,0.5466666300568619,0.9999801591350008,0.0002577451090574176,2.0791837965707787,0.27551183923632494
0.1,4,INPO-avg,0.20052415273169027,0.07498768650463467,0.5313332934516267,0.3402579495057943,1.7817804426308692,0.29766109904896654,0.27551183923632494
0.1,4,MNPO-hist-avg,0.2159199005964863,0.05959193863983864,0.512651501518535,0.16730264931298852,2.0419395433029006,0.03750199837693505,0.27551183923632494
0.1,4,HT-MNPO-mix,0.19804366468763096,0.07746817454869398,0.5313280557121051,0.3301182382704925,1.786005299636118,0.293436242043718,0.27551183923632494
0.1,4,RONPO,0.2960810193046216,-0.020569180068296666,0.5367559092933982,0.3685379574724144,1.3471030001147686,0.7323385415650671,0.27551183923632494
0.1,5,SPPO-avg,0.10000292559438771,0.18875179835224326,0.5466666350016594,0.999980162334623,0.0002579527057117467,2.0791835889741233,0.288754723946631
0.1,5,INPO-avg,0.19946633837787783,0.08928838556875315,0.5314037357938499,0.33990292373764397,1.783202912770997,0.2962386289088388,0.288754723946631
0.1,5,MNPO-hist-avg,0.21480393168810177,0.07395079225852921,0.5128232867361846,0.1673367462269961,2.041520889402722,0.03792065227711383,0.288754723946631
0.1,5,HT-MNPO-mix,0.1969915268721964,0.09176319707443459,0.531574619435912,0.3301859465008733,1.7854757719246763,0.29396576975515976,0.288754723946631
0.1,5,RONPO,0.29601745866174056,-0.007262734715109576,0.5346232941207919,0.36856324508158667,1.3476810790819735,0.7317604625978624,0.288754723946631
0.1,6,SPPO-avg,0.1000027727652332,0.2223383870921176,0.5466667276150512,0.9999801171328927,0.00025728593994638467,2.0791842557398894,0.3223411598573508
0.1,6,INPO-avg,0.19735433908761307,0.12498682076973772,0.5334318677881764,0.3444660913589193,1.7650005389588923,0.31444100272094366,0.3223411598573508
0.1,6,MNPO-hist-avg,0.2136847039293921,0.1086564559279587,0.5138311770480191,0.16761588032992877,2.038573253504257,0.04086828817557872,0.3223411598573508
0.1,6,HT-MNPO-mix,0.1948310253385116,0.1275101345188392,0.5338691231883312,0.33559230311427174,1.7644115281663804,0.31503001351345583,0.3223411598573508
0.1,6,RONPO,0.29593743508188497,0.02640372477546582,0.5326490446339035,0.3685080946838832,1.348301831269183,0.7311397104106528,0.3223411598573508
0.1,7,SPPO-avg,0.10000393458103667,0.20136490754889286,0.546666600890242,0.9999801732326842,0.0002576285958215783,2.0791839130840146,0.30136884212992954
0.1,7,INPO-avg,0.2062398106304489,0.09512903149948063,0.5298135568698648,0.33727269150679384,1.7937750138191255,0.28566652786071,0.30136884212992954
0.1,7,MNPO-hist-avg,0.21381050105407617,0.08755834107585336,0.5118815309908767,0.16710966803826705,2.044067064727372,0.03537447695246436,0.30136884212992954
0.1,7,HT-MNPO-mix,0.2047333421811979,0.09663549994873163,0.5302016542961199,0.3273651313719767,1.7971019241705197,0.28233961750931624,0.30136884212992954
0.1,7,RONPO,0.2958481642892427,0.005520677840686827,0.5303504953825972,0.3684046468337374,1.3495307905478664,0.7299107511319691,0.30136884212992954
0.1,8,SPPO-avg,0.10000266564041145,0.21565461329484842,0.546666992008192,0.9999799688831654,0.000257486191484538,2.0791840554883514,0.31565727893525986
0.1,8,INPO-avg,0.1956347962677747,0.12002248266748516,0.54066691219567,0.35943182251900613,1.7065067217164496,0.3729348199633863,0.31565727893525986
0.1,8,MNPO-hist-avg,0.21428814554397765,0.1013691333912822,0.5182094250538408,0.1688474370708406,2.0256834447774397,0.05375809690239619,0.31565727893525986
0.1,8,HT-MNPO-mix,0.1929635752621858,0.12269370367307406,0.5414086718445381,0.3516254952989911,1.7027440014791346,0.37669754020070145,0.31565727893525986
0.1,8,RONPO,0.2959856162811381,0.019671662654121735,0.5351848111123364,0.36848332060929306,1.3474964363137456,0.7319451053660904,0.31565727893525986
0.1,9,SPPO-avg,0.10000345546774024,0.22906239578202947,0.5466666728776907,0.9999801413106832,0.00025814295575557554,2.07918339872408,0.3290658512497697
0.1,9,INPO-avg,0.20284000868164406,0.12622584256812566,0.5322167187308485,0.3420455501054358,1.7746331622431042,0.30480837943673156,0.3290658512497697
0.1,9,MNPO-hist-avg,0.2143546179124821,0.11471123333728764,0.5131820529973041,0.1674525085603772,2.040369181499511,0.03907236018032459,0.3290658512497697
0.1,9,HT-MNPO-mix,0.20081096319617278,0.12825488805359694,0.532616770739785,0.33239694322571417,1.7764782600236853,0.3029632816561504,0.3290658512497697
0.1,9,RONPO,0.29594526260606296,0.03312058864370676,0.5325932113389965,0.36852325690727916,1.3482025956287604,0.7312389460510755,0.3290658512497697
0.2,0,SPPO-avg,0.20000000060820705,0.10866505796083276,0.5758333330673024,0.9999999933769115,1.4063579401927078e-07,2.0794414010440416,0.3086650585690398
0.2,0,INPO-avg,0.23003967378477402,0.07862538478426578,0.5441159884620442,0.4832644348558242,1.6228688785209413,0.4565726631588945,0.3086650585690398
0.2,0,MNPO-hist-avg,0.23230765620880853,0.07635740236023128,0.5163714877463262,0.19691633778584827,2.0304133308012435,0.04902821087859251,0.3086650585690398
0.2,0,HT-MNPO-mix,0.22802321280340557,0.08064184576563424,0.5437977267119726,0.47515778795203284,1.6350123317248968,0.44442920995493906,0.3086650585690398
0.2,0,RONPO,0.3210294090490473,-0.012364350480007502,0.5497529142137147,0.4508498497169381,1.2402165265320975,0.8392250151477378,0.3086650585690398
0.2,1,SPPO-avg,0.20000000053465325,0.1265020762614585,0.5758333330764073,0.999999993371667,1.4071272513367652e-07,2.0794414009671103,0.32650207679611176
0.2,1,INPO-avg,0.22874888887459405,0.09775318792151771,0.5450429989069897,0.48504392663558415,1.6161097707020566,0.46333177097777906,0.32650207679611176
0.2,1,MNPO-hist-avg,0.23283985468083213,0.09366222211527964,0.5171218944785135,0.1971159685551985,2.0284165244491588,0.051025017230677025,0.32650207679611176
0.2,1,HT-MNPO-mix,0.22646257058510458,0.10003950621100718,0.5447105776445827,0.47722839754884916,1.6272033073540961,0.45223823432573973,0.32650207679611176
0.2,1,RONPO,0.32113372432033577,0.005368352475775995,0.5516674039746722,0.45090928281353143,1.2392768404512156,0.8401647012286204,0.32650207679611176
0.2,2,SPPO-avg,0.20000000034281276,0.14190079580630446,0.5758333330596473,0.9999999933836761,1.4051309163483263e-07,2.0794414011667444,0.3419007961491172
0.2,2,INPO-avg,0.22341684843379203,0.1184839477153252,0.5433541439219486,0.4817917685880735,1.6284745577902406,0.45096698388959533,0.3419007961491172
0.2,2,MNPO-hist-avg,0.2291425666354467,0.11275822951367054,0.5155969482394869,0.19669650444032885,2.0325512308263507,0.046890310853485356,0.3419007961491172
0.2,2,HT-MNPO-mix,0.2209822204178423,0.12091857573127493,0.5431425091550593,0.47459146727029583,1.6372701384752253,0.4421714032046103,0.3419007961491172
0.2,2,RONPO,0.3208511114484001,0.02104968470071711,0.5458007346766695,0.45077334595583257,1.242079437600885,0.8373621040789505,0.3419007961491172
0.2,3,SPPO-avg,0.20000000040795382,0.11048168054459181,0.5758333330584936,0.9999999933839576,1.40530367541131e-07,2.0794414011494684,0.31048168095254564
0.2,3,INPO-avg,0.2251965025811505,0.08528517837139513,0.5433264617463952,0.481682753384155,1.6288897199589691,0.45055182172086666,0.31048168095254564
0.2,3,MNPO-hist-avg,0.22955040728870235,0.08093127366384328,0.5156125884824957,0.1966981544202642,2.032523387849221,0.04691815383061462,0.31048168095254564
0.2,3,HT-MNPO-mix,0.22293680690880913,0.08754487404373651,0.5432441526902084,0.47477317791951856,1.6365145905832952,0.44292695109654034,0.31048168095254564
0.2,3,RONPO,0.320869242705059,-0.010387561752513375,0.5456972280368022,0.4508076888652425,1.2420811006005286,0.8373604410793072,0.31048168095254564
0.2,4,SPPO-avg,0.2000000004124198,0.15141751818033836,0.5758333330578924,0.9999999933818322,1.4063229671808994e-07,2.0794414010475397,0.35141751859275816
0.2,4,INPO-avg,0.22544379483544064,0.12597372375731752,0.5436948008388475,0.48238650012144924,1.626209709814652,0.4532318318651839,0.35141751859275816
0.2,4,MNPO-hist-avg,0.23121735562518017,0.12020016296757799,0.5159717581290252,0.1967991182331205,2.0315372220328056,0.04790431964703,0.35141751859275816
0.2,4,HT-MNPO-mix,0.22295011586475655,0.1284674027280016,0.5433842608049008,0.4749609573969975,1.6356970896449416,0.443744452034894,0.35141751859275816
0.2,4,RONPO,0.32103881119461847,0.030378707398139693,0.5495925833836273,0.4508320221851807,1.240494129473329,0.8389474122065066,0.35141751859275816
0.2,5,SPPO-avg,0.20000000037782395,0.13230444866326296,0.5758333330585254,0.9999999933817996,1.4067950694819088e-07,2.0794414010003286,0.3323044490410869
0.2,5,INPO-avg,0.22452303240050617,0.10778141664058075,0.5437897681956478,0.4823648154226597,1.6262921702753999,0.45314937140443623,0.3323044490410869
0.2,5,MNPO-hist-avg,0.2301697093985846,0.1021347396425023,0.516136376302668,0.19683582895032284,2.0311378870928696,0.048303654586966324,0.3323044490410869
0.2,5,HT-MNPO-mix,0.22203490796094527,0.11026954108014164,0.5436437393576155,0.47542105927820927,1.6338364499946483,0.4456050916851877,0.3323044490410869
0.2,5,RONPO,0.32098484416729395,0.011319604873792966,0.5476182736348374,0.4509146527654672,1.240850897239465,0.8385906444403708,0.3323044490410869
0.2,6,SPPO-avg,0.20000000033181017,0.10158294032595674,0.5758333330843851,0.9999999933693913,1.406331087095031e-07,2.079441401046727,0.3015829406577669
0.2,6,INPO-avg,0.22335096232073604,0.07823197833703088,0.5451902226162667,0.48557829006736763,1.614082510701984,0.4653590309778516,0.3015829406577669
0.2,6,MNPO-hist-avg,0.22914100589776248,0.07244193476000443,0.5170922054195587,0.19712864194560484,2.028382587093707,0.0510589545861289,0.3015829406577669
0.2,6,HT-MNPO-mix,0.2208913371481254,0.08069160350964152,0.5452354855390015,0.4792667959659018,1.6195275918108134,0.4599139498690225,0.3015829406577669
0.2,6,RONPO,0.32090846608610457,-0.019325525428337653,0.5458050353329295,0.45091737429216494,1.2413182703612555,0.8381232713185801,0.3015829406577669
0.2,7,SPPO-avg,0.2000000004862494,0.10991100044354388,0.5758333330498,0.9999999933870061,1.4054802818138193e-07,2.079441401131808,0.3099110009297933
0.2,7,INPO-avg,0.22683894811304195,0.08307205281675134,0.5426633974039613,0.48024750918665143,1.6343598194097337,0.44508172227010223,0.3099110009297933
0.2,7,MNPO-hist-avg,0.2291687138386078,0.0807422870911855,0.5152397285356067,0.19659564290953702,2.0335347629770464,0.045906778702789156,0.3099110009297933
0.2,7,HT-MNPO-mix,0.22481022780085086,0.08510077312894243,0.5426682226456929,0.4732857846265506,1.642070823198185,0.4373707184816509,0.3099110009297933
0.2,7,RONPO,0.3208237813570288,-0.010912780427235536,0.5437213064014134,0.4508552956177663,1.242381087578782,0.8370604541010535,0.3099110009297933
0.2,8,SPPO-avg,0.2000000003039956,0.1013446015061554,0.5758333331751233,0.9999999933221788,1.408173773733738e-07,2.0794414008624575,0.301344601810151
0.2,8,INPO-avg,0.22326309596580465,0.07808150584434634,0.5504988774560569,0.49722398120483574,1.5701942464212333,0.5092472952586024,0.301344601810151
0.2,8,MNPO-hist-avg,0.2298257331134723,0.0715188686966787,0.5212447231033422,0.19842146238773825,2.0163249087356405,0.06311663294419556,0.301344601810151
0.2,8,HT-MNPO-mix,0.22081947964520246,0.08052512216494853,0.5507631168185271,0.4918079973758788,1.5731538129448872,0.5062877287349485,0.301344601810151
0.2,8,RONPO,0.3209465729824883,-0.019601971172337307,0.5480908682394312,0.45084105636327415,1.2407670405449953,0.8386745011348404,0.301344601810151
0.2,9,SPPO-avg,0.20000000043632218,0.10296265229355347,0.5758333330726764,0.999999993375108,1.406329412704713e-07,2.079441401046894,0.30296265272987566
0.2,9,INPO-avg,0.22583417773928424,0.07712847499059142,0.5443558456477037,0.4838507758025232,1.6206401301013453,0.45880141157849014,0.30296265272987566
0.2,9,MNPO-hist-avg,0.22973009324615867,0.07323255948371699,0.5164752160470791,0.1969564600928297,2.030068433350932,0.04937310832890324,0.30296265272987566
0.2,9,HT-MNPO-mix,0.22357595221554813,0.07938670051432753,0.5443513102208517,0.4770336871101658,1.6277545941064036,0.451686947573432,0.30296265272987566
0.2,9,RONPO,0.32091528677944114,-0.017952634049565486,0.5457704356296306,0.45093349014196576,1.241203140240277,0.8382384014395594,0.30296265272987566
0.3,0,SPPO-avg,0.2999999999995499,0.057672963298245006,0.6049999999992725,0.9999999999939388,1.9947829939212003e-10,2.0794415414823098,0.3576729632977949
0.3,0,INPO-avg,0.28092951445335956,0.07674344884443535,0.5675304981397192,0.6300754421714351,1.3497377818015837,0.7297037598782521,0.3576729632977949
0.3,0,MNPO-hist-avg,0.25360228032988547,0.10407068296790944,0.5220270023043997,0.23015612791043005,2.0119950439511674,0.06744649772866843,0.3576729632977949
0.3,0,HT-MNPO-mix,0.2793712704051717,0.07830169289262323,0.5671291946182411,0.6254713595301128,1.3602216052856853,0.7192199363941508,0.3576729632977949
0.3,0,RONPO,0.35588355827590673,0.0017894050218881796,0.5689508537968991,0.550841195921437,1.1229752913729856,0.95646625030685,0.3576729632977949
0.3,1,SPPO-avg,0.2999999999995499,0.05559005283739066,0.6049999999992725,0.9999999999939388,1.9947829939212003e-10,2.0794415414823098,0.35559005283694056
0.3,1,INPO-avg,0.28086833032446035,0.07472172251248022,0.5680981997908193,0.6311029861621074,1.3456427413241623,0.7337988003556732,0.35559005283694056
0.3,1,MNPO-hist-avg,0.25414093824561407,0.1014491145913265,0.5227351014306184,0.23036174677433807,2.0101338987352215,0.0693076429446143,0.35559005283694056
0.3,1,HT-MNPO-mix,0.27924294462447363,0.07634710821246693,0.5677065860423428,0.6266348300347377,1.3556042688870424,0.7238372727927936,0.35559005283694056
0.3,1,RONPO,0.3559743627238458,-0.00038430988690524304,0.5705104170951226,0.5508593406989207,1.1222559741468023,0.9571855675330332,0.35559005283694056
0.3,2,SPPO-avg,0.2999999999995499,0.046732249883924604,0.6049999999992725,0.9999999999939388,1.9947829939212003e-10,2.0794415414823098,0.3467322498834745
0.3,2,INPO-avg,0.27805134685311805,0.06868090303035645,0.5669947630234408,0.6290734375778717,1.3537348508368854,0.7257066908429506,0.3467322498834745
0.3,2,MNPO-hist-avg,0.2506866717277269,0.0960455781557476,0.5212944651167656,0.22992945064234624,2.0139900238402273,0.06545151783960834,0.3467322498834745
0.3,2,HT-MNPO-mix,0.2763638940368056,0.0703683558466689,0.5666615606835388,0.6248312832770716,1.3627469280354143,0.7166946136444212,0.3467322498834745
0.3,2,RONPO,0.3557410631917432,-0.009008813308268693,0.565633400734371,0.550823613488071,1.124437457361184,0.9550040843186517,0.3467322498834745
0.3,3,SPPO-avg,0.2999999999995499,0.046773383292614434,0.6049999999992725,0.9999999999939388,1.9947829939212003e-10,2.0794415414823098,0.34677338329216434
0.3,3,INPO-avg,0.2786580800215007,0.06811530327066362,0.5669925199293128,0.6290537312774442,1.3538133888413457,0.7256281528384896,0.34677338329216434
0.3,3,MNPO-hist-avg,0.25104666525671254,0.0957267180354518,0.5213097638602672,0.22993144013178266,2.0139618668956056,0.06547967478422995,0.34677338329216434
0.3,3,HT-MNPO-mix,0.2770548241783762,0.06971855911378816,0.5667444885460192,0.6250320717357382,1.3619401792781831,0.7175013624016525,0.34677338329216434
0.3,3,RONPO,0.35576582297266346,-0.00899243968049912,0.5654881399006545,0.5508485629949107,1.1244306344086104,0.9550109072712256,0.34677338329216434
0.3,4,SPPO-avg,0.2999999999995499,0.07212036824310752,0.6049999999992725,0.9999999999939388,1.9947829939212003e-10,2.0794415414823098,0.37212036824265743
0.3,4,INPO-avg,0.2793123557342863,0.09280801250837112,0.567249688676322,0.6295302369450515,1.3519124593652279,0.7275290823146076,0.37212036824265743
0.3,4,MNPO-hist-avg,0.25262817447897096,0.11949219376368647,0.5216491204607603,0.2300355718381809,2.0130418803385313,0.06639966134130479,0.37212036824265743
0.3,4,HT-MNPO-mix,0.27761172588877114,0.09450864235388629,0.5668797750303635,0.6252255190458748,1.3611489395066099,0.7182926021732255,0.37212036824265743
0.3,4,RONPO,0.35590171962587613,0.016218648616781295,0.5687363768580854,0.5508065623512144,1.1232450099289855,0.9561965317508505,0.37212036824265743
0.3,5,SPPO-avg,0.2999999999995499,0.07502748790252572,0.6049999999992725,0.9999999999939388,1.9947829939212003e-10,2.0794415414823098,0.37502748790207563
0.3,5,INPO-avg,0.2787281363937037,0.09629935150837193,0.5673406401708333,0.6296443184817266,1.3514573857682137,0.7279841559116218,0.37502748790207563
0.3,5,MNPO-hist-avg,0.25165579608979666,0.12337169181227897,0.5218056603387461,0.23007414454749392,2.012664147302165,0.06677739437767086,0.37502748790207563
0.3,5,HT-MNPO-mix,0.2770475715981718,0.09797991630390385,0.567076678320809,0.625636847143793,1.359474932280248,0.7199666093995881,0.37502748790207563
0.3,5,RONPO,0.35586228342452664,0.01916520447754899,0.5670673630426498,0.5509301862053085,1.1233865631954978,0.9560549784843378,0.37502748790207563
0.3,6,SPPO-avg,0.2999999999995499,0.05782252158497808,0.6049999999992725,0.9999999999939388,1.9947829939212003e-10,2.0794415414823098,0.357822521584528
0.3,6,INPO-avg,0.27822760725350026,0.07959491433102772,0.5681318459646267,0.6312467561174268,1.3450699645816604,0.7343715770981751,0.357822521584528
0.3,6,MNPO-hist-avg,0.25072612074915135,0.10709640083537664,0.5227041356643741,0.23037332177847206,2.0101141446459536,0.06932739703388197,0.357822521584528
0.3,6,HT-MNPO-mix,0.2765811784408137,0.08124134314371428,0.5679641825889792,0.6275194305889833,1.352062121906159,0.7273794197736769,0.357822521584528
0.3,6,RONPO,0.3557932270578498,0.0020292945266781603,0.5655844330673748,0.5509968279050407,1.1236353359430202,0.9558062057368153,0.357822521584528
0.3,7,SPPO-avg,0.2999999999995499,0.049750539578395314,0.6049999999992725,0.9999999999939388,1.9947829939212003e-10,2.0794415414823098,0.3497505395779452
0.3,7,INPO-avg,0.2789055261093475,0.07084501346859773,0.5666587422629271,0.6284107166134055,1.3563783423796951,0.7230631993001406,0.3497505395779452
0.3,7,MNPO-hist-avg,0.2506525076837667,0.09909803189417854,0.5209590580636011,0.22982649404886502,2.014899690700989,0.06454185097884665,0.3497505395779452
0.3,7,HT-MNPO-mix,0.2773779972739638,0.07237254230398144,0.566466039640707,0.624444575600117,1.364241027484958,0.7152005141948782,0.3497505395779452
0.3,7,RONPO,0.35572507845986306,-0.005974538881917846,0.5638385117371735,0.5509752531925581,1.124434743489626,0.9550067981902095,0.3497505395779452
0.3,8,SPPO-avg,0.2999999999995499,0.04494057306297,0.6049999999992725,0.9999999999939388,1.9947829939212003e-10,2.0794415414823098,0.3449405730625199
0.3,8,INPO-avg,0.27894356522924435,0.06599700783327556,0.5713264975647351,0.6376151381880638,1.3197463412934534,0.7596952003863826,0.3449405730625199
0.3,8,MNPO-hist-avg,0.2514981647023264,0.09344240836019352,0.5266079447563743,0.23169535016293494,1.998945857226039,0.08049568445379682,0.3449405730625199
0.3,8,HT-MNPO-mix,0.2773595037640809,0.06758106929843899,0.5712782747844324,0.6343339942625741,1.325345893947538,0.7540956477322981,0.3449405730625199
0.3,8,RONPO,0.3558121767671521,-0.010871603704632193,0.5675461866020896,0.5508837224922017,1.1233489336911067,0.9560926079887291,0.3449405730625199
0.3,9,SPPO-avg,0.2999999999995499,0.06370923292526093,0.6049999999992725,0.9999999999939388,1.9947829939212003e-10,2.0794415414823098,0.36370923292481083
0.3,9,INPO-avg,0.27899922032834035,0.08471001259647049,0.567647615223073,0.6303338493650641,1.3487077314384792,0.7307338102413568,0.36370923292481083
0.3,9,MNPO-hist-avg,0.25123018516367485,0.11247904776113599,0.522122662153827,0.23019647338019422,2.0116817323386895,0.06775980934114642,0.36370923292481083
0.3,9,HT-MNPO-mix,0.2774030627605609,0.0863061701642499,0.5674426174796419,0.6263896751218755,1.3564912896017407,0.7229502520780954,0.36370923292481083
0.3,9,RONPO,0.3557973259687424,0.007911906956068415,0.5655626603642117,0.5510192823999799,1.1235055664804183,0.9559359751994178,0.36370923292481083
0.4,0,SPPO-avg,0.39999999999898517,-0.025307504025238958,0.6341666666657739,0.9999999999941764,1.9924071166485167e-10,2.079441541483041,0.3746924959737462
0.4,0,INPO-avg,0.36166756761220686,0.013024928361539345,0.6003720798482237,0.7603375262729198,1.0089603166495276,1.070481225030308,0.3746924959737462
0.4,0,MNPO-hist-avg,0.28213669309149275,0.09255580288225346,0.5304180348230686,0.267118121570401,1.9839637314579448,0.09547781022189078,0.3746924959737462
0.4,0,HT-MNPO-mix,0.36083867830735733,0.013853817666388879,0.600089337626197,0.7582400846420051,1.0152999970859844,1.0641415445938516,0.3746924959737462
0.4,0,RONPO,0.40507579262600857,-0.03038329665226236,0.5955929529463903,0.6651358945674275,0.9896501575292606,1.089791384150575,0.3746924959737462
0.4,1,SPPO-avg,0.39999999999898517,-0.020990352538278134,0.6341666666657739,0.9999999999941764,1.9924071166485167e-10,2.079441541483041,0.37900964746070703
0.4,1,INPO-avg,0.36183936928487237,0.017170278175834663,0.6006434834373101,0.7607408218531603,1.007193627001818,1.0722479146780177,0.37900964746070703
0.4,1,MNPO-hist-avg,0.2826773684739298,0.09633227898677721,0.5310795993253982,0.2673238484432978,1.9822485641629166,0.09719297751691888,0.37900964746070703
0.4,1,HT-MNPO-mix,0.3610051242346497,0.018004523226057334,0.6003702896172661,0.7586869142324969,1.013349680338202,1.066091861341634,0.37900964746070703
0.4,1,RONPO,0.40515045544369394,-0.026140807982986902,0.59664127205523,0.6651247232092832,0.989196979852702,1.090244561827134,0.37900964746070703
0.4,2,SPPO-avg,0.39999999999898517,-0.02612641462831522,0.634166666665774,0.9999999999941764,1.9924071166485167e-10,2.079441541483041,0.37387358537066995
0.4,2,INPO-avg,0.36063543826082906,0.013238147109840892,0.6000984199683986,0.7599199436981269,1.0107903742899662,1.0686511673898695,0.37387358537066995
0.4,2,MNPO-hist-avg,0.2794830927656005,0.09439049260506943,0.5297320778590929,0.2668910944072245,1.98580424534057,0.09363729633926576,0.37387358537066995
0.4,2,HT-MNPO-mix,0.35977401708354717,0.014099568287122777,0.5998410810549291,0.7579079620132109,1.0167377816431329,1.0627037600367029,0.37387358537066995
0.4,2,RONPO,0.4049841917450047,-0.03111060637433477,0.5932046426074997,0.6651345561197994,0.9906645642681055,1.0887769774117304,0.37387358537066995
0.4,3,SPPO-avg,0.39999999999898517,-0.011994317214755523,0.6341666666657738,0.9999999999941764,1.9924071166485167e-10,2.079441541483041,0.38800568278422964
0.4,3,INPO-avg,0.36078495248785175,0.027220730296377893,0.6001029547910282,0.7599241959176075,1.0107717026884298,1.0686698389914062,0.38800568278422964
0.4,3,MNPO-hist-avg,0.27979467578005485,0.1082110070041748,0.529746920888609,0.26689339350199365,1.985776127267034,0.0936654144128018,0.38800568278422964
0.4,3,HT-MNPO-mix,0.35995506028630253,0.028050622497927113,0.5998819631111013,0.7579958990616735,1.0163542092637474,1.063087332416088,0.38800568278422964
0.4,3,RONPO,0.4050194263342596,-0.017013743550029936,0.5930094840838288,0.665135949200244,0.990682303670093,1.0887592380097428,0.38800568278422964
0.4,4,SPPO-avg,0.39999999999898517,-0.00991127839770134,0.6341666666657738,0.9999999999941764,1.9924071166485167e-10,2.079441541483041,0.3900887216012838
0.4,4,INPO-avg,0.36123769062360717,0.02885103097767666,0.600231721043959,0.7601201663111302,1.0099129253048276,1.0695286163750082,0.3900887216012838
0.4,4,MNPO-hist-avg,0.2812804301258648,0.10880829147541904,0.5300643513542631,0.2669977105713481,1.9849276533629954,0.09451388831684038,0.3900887216012838
0.4,4,HT-MNPO-mix,0.3603835280379574,0.029705193563326404,0.5999687508305148,0.7581071011874393,1.0158671845255034,1.0635743571543324,0.3900887216012838
0.4,4,RONPO,0.40511221490267874,-0.015023493301394908,0.5953113802818525,0.6650752283074913,0.9899086859496992,1.0895328557301371,0.3900887216012838
0.4,5,SPPO-avg,0.39999999999898517,0.025852124403137167,0.6341666666657738,0.9999999999941764,1.9924071166485167e-10,2.079441541483041,0.42585212440212233
0.4,5,INPO-avg,0.3609688793880746,0.06488324501404774,0.600288162366513,0.7601965918377795,1.009577998932521,1.0698635427473142,0.42585212440212233
0.4,5,MNPO-hist-avg,0.28038923153119827,0.14546289287092407,0.5302118384093156,0.2670371113522144,1.9845741112005877,0.09486743047924795,0.42585212440212233
0.4,5,HT-MNPO-mix,0.36012695258468497,0.06572517181743737,0.6000678206711533,0.7582819703879634,1.0150939843969744,1.0643475572828613,0.42585212440212233
0.4,5,RONPO,0.4050868935513375,0.020765230850784855,0.5940958197429166,0.6652100608323165,0.9898895850232693,1.0895519566565663,0.42585212440212233
0.4,6,SPPO-avg,0.39999999999898517,0.004157077692293842,0.6341666666657738,0.9999999999941764,1.9924071166485167e-10,2.079441541483041,0.404157077691279
0.4,6,INPO-avg,0.3607873755964297,0.043369702094849305,0.6006343671018793,0.7607444381404842,1.0071778257423123,1.0722637159375241,0.404157077691279
0.4,6,MNPO-hist-avg,0.27956389915044755,0.12459317854083146,0.5310476009240236,0.2673338412733642,1.9822422273007705,0.09719931437906523,0.404157077691279
0.4,6,HT-MNPO-mix,0.35995687443601676,0.04420020325526225,0.6004454400169922,0.7589030072225009,1.012390523497023,1.067051018182813,0.404157077691279
0.4,6,RONPO,0.40502263108150066,-0.0008655533902216517,0.5931065756956989,0.6653209641858115,0.9899323063144412,1.0895092353653946,0.404157077691279
0.4,7,SPPO-avg,0.39999999999898517,0.02369164751943159,0.6341666666657738,0.9999999999941764,1.9924071166485167e-10,2.079441541483041,0.42369164751841676
0.4,7,INPO-avg,0.3606953484657868,0.06299629905262993,0.5999622286398766,0.7597100297609831,1.0117099453383198,1.0677315963415155,0.42369164751841676
0.4,7,MNPO-hist-avg,0.2793922188310311,0.14429942868738566,0.5294203747694582,0.2667890646364738,1.9866357457508774,0.09280579592895821,0.42369164751841676
0.4,7,HT-MNPO-mix,0.35988391284819593,0.06380773467022083,0.5997628495583947,0.7578098707377973,1.0171525718481262,1.0622889698317093,0.42369164751841676
0.4,7,RONPO,0.4049797020799838,0.018711945438432964,0.5918342918139606,0.665319118250155,0.9904464038309431,1.0889951378488927,0.42369164751841676
0.4,8,SPPO-avg,0.39999999999898517,0.008116156175223987,0.6341666666657738,0.9999999999941764,1.9924071166485167e-10,2.079441541483041,0.40811615617420915
0.4,8,INPO-avg,0.3613667918107245,0.04674936436348465,0.6020920992299776,0.7630519338107216,0.9970730909933568,1.082368450686479,0.40811615617420915
0.4,8,MNPO-hist-avg,0.2804188566601892,0.12769729951401998,0.5346793585064588,0.2686463478246457,1.9720205146878802,0.10742102699195563,0.40811615617420915
0.4,8,HT-MNPO-mix,0.3605712705576799,0.04754488561652925,0.6019475930758006,0.7613507167130703,1.001781471807524,1.0776600698723118,0.40811615617420915
0.4,8,RONPO,0.4050167132274015,0.00309944294680764,0.5946502320632039,0.665200892518846,0.9898537073224354,1.0895878343574004,0.40811615617420915
0.4,9,SPPO-avg,0.39999999999898517,0.01698755604381208,0.6341666666657738,0.9999999999941764,1.9924071166485167e-10,2.079441541483041,0.41698755604279725
0.4,9,INPO-avg,0.3609353903169485,0.05605216572584876,0.6004110849235432,0.7604056250215367,1.0086620467821152,1.070779494897721,0.41698755604279725
0.4,9,MNPO-hist-avg,0.27998183155162226,0.13700572449117498,0.5305050962129606,0.26715742727210096,1.9836831924682081,0.09575834921162779,0.41698755604279725
0.4,9,HT-MNPO-mix,0.3601106172551877,0.05687693878760952,0.6002058300270601,0.7585028010609833,1.0141235254330743,1.0653180162467613,0.41698755604279725
0.4,9,RONPO,0.40502252786353093,0.011965028179266313,0.5930927784732621,0.6653526075835897,0.9897942436856733,1.0896472979941627,0.41698755604279725
